"Ürün Grup ID","İsim","Html:Beden Rehberi","Çoklu Seçim:Elbise Modeli","Çoklu Seçim:Kumaş Tipi"
"0122fc20-0024-4ae0-b9aa-16469d205b7f","Düşük Kollu Pilise Etek Detaylı Uzun Elbise","<table>
  <tbody>
    <tr>
      <th>Beden</th>
      <th>Göğüs</th>
      <th>Bel</th>
      <th>Basen</th>
    </tr>
    <tr data-size=""38""><td>38</td><td>90</td><td>72</td><td>-</td></tr>
    <tr data-size=""40""><td>40</td><td>94</td><td>76</td><td>-</td></tr>
    <tr data-size=""42""><td>42</td><td>98</td><td>80</td><td>-</td></tr>
  </tbody>
</table>",,
"0177ad08-d824-42fc-bd09-88250cadb0b2","Çapraz Drapeli İşleme Detaylı Straplez Uzun Elbise","<table>
  <tbody>
    <tr>
      <th>Beden</th>
      <th>Göğüs</th>
      <th>Bel</th>
      <th>Basen</th>
    </tr>
    <tr data-size=""38""><td>38</td><td>80</td><td>68</td><td>-</td></tr>
    <tr data-size=""40""><td>40</td><td>84</td><td>74</td><td>-</td></tr>
    <tr data-size=""42""><td>42</td><td>88</td><td>80</td><td>-</td></tr>
  </tbody>
</table>","Uzun Abiye;Straplez Abiye;Yırtmaçlı Abiye","Şifon & Tül Abiye;Krep Abiye"
"02f331ef-7a3a-4ac1-989c-4c50723882ab","Tül Üzerine İnci ve Taş İşleme Detaylı Straplez Midi Elbise","<table>
  <tbody>
    <tr>
      <th>Beden</th>
      <th>Göğüs</th>
      <th>Bel</th>
      <th>Basen</th>
    </tr>
    <tr data-size=""38""><td>38</td><td>80</td><td>72</td><td>82</td></tr>
    <tr data-size=""40""><td>40</td><td>84</td><td>76</td><td>88</td></tr>
    <tr data-size=""42""><td>42</td><td>88</td><td>80</td><td>94</td></tr>
    <tr data-size=""44""><td>44</td><td>92</td><td>84</td><td>100</td></tr>
  </tbody>
</table>","Midi Abiye;Straplez Abiye;Yırtmaçlı Abiye","Şifon & Tül Abiye"
"03c6486f-0fc3-434f-a0df-fe2ed0248b07","Sırt İp Bağlamalı Yırtmaçlı Straplez Saten Uzun Elbise","<table>
  <tbody>
    <tr>
      <th>Beden</th>
      <th>Göğüs</th>
      <th>Bel</th>
      <th>Basen</th>
    </tr>
    <tr data-size=""36""><td>36</td><td>68</td><td>62</td><td>78</td></tr>
    <tr data-size=""38""><td>38</td><td>74</td><td>66</td><td>82</td></tr>
  </tbody>
</table>","Uzun Abiye;Straplez Abiye;Yırtmaçlı Abiye","Saten Abiye"
"06671ab8-6510-47de-95bf-a4ca2be65aef","Saten Erkek Yakalı Düğme Detaylı Kolsuz Tulum","<table>
  <tbody>
    <tr>
      <th>Beden</th>
      <th>Göğüs</th>
      <th>Bel</th>
      <th>Basen</th>
    </tr>
    <tr data-size=""38""><td>38</td><td>90</td><td>72</td><td>100</td></tr>
    <tr data-size=""40""><td>40</td><td>96</td><td>76</td><td>102</td></tr>
    <tr data-size=""42""><td>42</td><td>102</td><td>80</td><td>104</td></tr>
    <tr data-size=""44""><td>44</td><td>102</td><td>84</td><td>106</td></tr>
    <tr data-size=""46""><td>46</td><td>114</td><td>88</td><td>108</td></tr>
  </tbody>
</table>","Büyük Beden Abiye;Uzun Abiye","Saten Abiye;Krep Abiye"
"0851ea9c-753a-450b-8ee1-d9ce9063cdba","Krep Kumaş Pilise Etek ve Şal Detaylı Korseli Uzun Elbise","<table>
  <tbody>
    <tr>
      <th>Beden</th>
      <th>Göğüs</th>
      <th>Bel</th>
      <th>Basen</th>
    </tr>
    <tr data-size=""38""><td>38</td><td>80</td><td>72</td><td>-</td></tr>
    <tr data-size=""40""><td>40</td><td>84</td><td>76</td><td>-</td></tr>
    <tr data-size=""42""><td>42</td><td>88</td><td>80</td><td>-</td></tr>
    <tr data-size=""44""><td>44</td><td>92</td><td>84</td><td>-</td></tr>
    <tr data-size=""46""><td>46</td><td>96</td><td>88</td><td>-</td></tr>
  </tbody>
</table>",,
"093d4ca1-15b9-4576-9b8a-0e47271c12cd","Straplez Krep Kumaş Etekte Renk Detaylı Uzun Elbise","<table>
  <tbody>
    <tr>
      <th>Beden</th>
      <th>Göğüs</th>
      <th>Bel</th>
      <th>Basen</th>
    </tr>
    <tr data-size=""38""><td>38</td><td>74</td><td>72</td><td>84</td></tr>
    <tr data-size=""40""><td>40</td><td>76</td><td>74</td><td>86</td></tr>
    <tr data-size=""42""><td>42</td><td>78</td><td>76</td><td>88</td></tr>
    <tr data-size=""44""><td>44</td><td>80</td><td>78</td><td>90</td></tr>
    <tr data-size=""46""><td>46</td><td>82</td><td>80</td><td>92</td></tr>
  </tbody>
</table>","Büyük Beden Abiye;Uzun Abiye;Straplez Abiye","Şifon & Tül Abiye;Krep Abiye"
"0a516b1e-a872-43ce-b36a-0c7869f16595","Drapeli Straplez Saten Uzun Elbise","<table>
  <tbody>
    <tr>
      <th>Beden</th>
      <th>Göğüs</th>
      <th>Bel</th>
      <th>Basen</th>
    </tr>
    <tr data-size=""38""><td>38</td><td>76</td><td>66</td><td>74</td></tr>
    <tr data-size=""40""><td>40</td><td>80</td><td>70</td><td>78</td></tr>
    <tr data-size=""42""><td>42</td><td>84</td><td>74</td><td>82</td></tr>
  </tbody>
</table>",,
"0a8d9c22-9143-49bc-a140-451365b05a20","Payetli Yırtmaç Detaylı Straplez Uzun Elbise","<table>
  <tbody>
    <tr>
      <th>Beden</th>
      <th>Göğüs</th>
      <th>Bel</th>
      <th>Basen</th>
    </tr>
    <tr data-size=""36""><td>36</td><td>74</td><td>60</td><td>80</td></tr>
    <tr data-size=""38""><td>38</td><td>80</td><td>64</td><td>82</td></tr>
    <tr data-size=""40""><td>40</td><td>86</td><td>68</td><td>84</td></tr>
  </tbody>
</table>",,
"0c02928f-016d-41a0-964e-0c5cb2b93958","Sandy Kumaş İp Askılı Drapeli Uzun Büyük Beden Elbise","<table>
  <tbody>
    <tr>
      <th>Beden</th>
      <th>Göğüs</th>
      <th>Bel</th>
      <th>Basen</th>
    </tr>
    <tr data-size=""44""><td>44</td><td>84</td><td>80</td><td>-</td></tr>
    <tr data-size=""46""><td>46</td><td>90</td><td>84</td><td>-</td></tr>
    <tr data-size=""48""><td>48</td><td>96</td><td>88</td><td>-</td></tr>
    <tr data-size=""50""><td>50</td><td>102</td><td>92</td><td>-</td></tr>
  </tbody>
</table>","Büyük Beden Abiye;Uzun Abiye;Askılı Abiye","Sandy Abiye"
"0f68cbcd-2e3e-43a0-94a8-27de92f20a02","Devrik Yakalı Baskı Düğme Detaylı Tafta Uzun Elbise","<table>
  <tbody>
    <tr>
      <th>Beden</th>
      <th>Göğüs</th>
      <th>Bel</th>
      <th>Basen</th>
    </tr>
    <tr data-size=""38""><td>38</td><td>80</td><td>70</td><td>-</td></tr>
    <tr data-size=""40""><td>40</td><td>86</td><td>72</td><td>-</td></tr>
    <tr data-size=""42""><td>42</td><td>92</td><td>74</td><td>-</td></tr>
    <tr data-size=""44""><td>44</td><td>98</td><td>76</td><td>-</td></tr>
    <tr data-size=""46""><td>46</td><td>104</td><td>78</td><td>-</td></tr>
  </tbody>
</table>",,
"1011c7bb-689e-4ac7-bd58-eaf020f52580","Fiyonk Detaylı Straplez Uzun Elbise","<table>
  <tbody>
    <tr>
      <th>Beden</th>
      <th>Göğüs</th>
      <th>Bel</th>
      <th>Basen</th>
    </tr>
    <tr data-size=""38""><td>38</td><td>90</td><td>74</td><td>98</td></tr>
    <tr data-size=""40""><td>40</td><td>92</td><td>78</td><td>100</td></tr>
    <tr data-size=""42""><td>42</td><td>94</td><td>82</td><td>102</td></tr>
  </tbody>
</table>",,
"109050a3-45db-4237-97e0-3576f092f3c0","Kruvaze Yaka Drapeli V Yaka Yırtmaçlı Tül Kumaş Uzun Elbise","<table>
  <tbody>
    <tr>
      <th>Beden</th>
      <th>Göğüs</th>
      <th>Bel</th>
      <th>Basen</th>
    </tr>
    <tr data-size=""38""><td>38</td><td>80</td><td>70</td><td>-</td></tr>
    <tr data-size=""40""><td>40</td><td>84</td><td>74</td><td>-</td></tr>
    <tr data-size=""42""><td>42</td><td>88</td><td>78</td><td>-</td></tr>
  </tbody>
</table>",,
"111a7c8b-cf64-45b4-ab11-761af2f9aab8","Basende Drape ve Taş İşleme Detaylı Likralı Simli Kumaş Yuvarlak Yaka Uzun Kollu Üzeri Şallı Uzun Elbise","<table>
  <tbody>
    <tr>
      <th>Beden</th>
      <th>Göğüs</th>
      <th>Bel</th>
      <th>Basen</th>
    </tr>
    <tr data-size=""38""><td>38</td><td>82</td><td>74</td><td>-</td></tr>
    <tr data-size=""40""><td>40</td><td>86</td><td>80</td><td>-</td></tr>
    <tr data-size=""42""><td>42</td><td>90</td><td>86</td><td>-</td></tr>
    <tr data-size=""44""><td>44</td><td>94</td><td>90</td><td>-</td></tr>
  </tbody>
</table>",,
"11391057-cc61-4a5d-b813-e6fe53324ede","Boncuk İşleme Detaylı Pelerinli Uzun Elbise","<table>
  <tbody>
    <tr>
      <th>Beden</th>
      <th>Göğüs</th>
      <th>Bel</th>
      <th>Basen</th>
    </tr>
    <tr data-size=""36""><td>36</td><td>82</td><td>72</td><td>-</td></tr>
    <tr data-size=""38""><td>38</td><td>86</td><td>76</td><td>-</td></tr>
    <tr data-size=""40""><td>40</td><td>90</td><td>80</td><td>-</td></tr>
    <tr data-size=""42""><td>42</td><td>94</td><td>84</td><td>-</td></tr>
  </tbody>
</table>",,
"11d6c066-31ea-432c-b2f9-acd881edf0c8","Asimetrtik Taş Detaylı Şifon Straplez Uzun Elbise","<table>
  <tbody>
    <tr>
      <th>Beden</th>
      <th>Göğüs</th>
      <th>Bel</th>
      <th>Basen</th>
    </tr>
    <tr data-size=""38""><td>38</td><td>88</td><td>76</td><td>-</td></tr>
    <tr data-size=""40""><td>40</td><td>92</td><td>80</td><td>-</td></tr>
    <tr data-size=""42""><td>42</td><td>96</td><td>84</td><td>-</td></tr>
  </tbody>
</table>",,
"127ddca9-d5b7-4bea-8683-ea32888e2951","Lez Dantel Taş Detaylı Uzun Elbise","<table>
  <tbody>
    <tr>
      <th>Beden</th>
      <th>Göğüs</th>
      <th>Bel</th>
      <th>Basen</th>
    </tr>
    <tr data-size=""38""><td>38</td><td>86</td><td>72</td><td>-</td></tr>
    <tr data-size=""40""><td>40</td><td>88</td><td>74</td><td>-</td></tr>
    <tr data-size=""42""><td>42</td><td>90</td><td>76</td><td>-</td></tr>
  </tbody>
</table>",,
"12a3744c-3477-4c0d-a8cb-46c0af4ca6f7","Kare Yaka Cepli Saten Midi Elbise","<table>
  <tbody>
    <tr>
      <th>Beden</th>
      <th>Göğüs</th>
      <th>Bel</th>
      <th>Basen</th>
    </tr>
    <tr data-size=""38""><td>38</td><td>84</td><td>72</td><td>-</td></tr>
    <tr data-size=""40""><td>40</td><td>88</td><td>78</td><td>-</td></tr>
    <tr data-size=""42""><td>42</td><td>92</td><td>84</td><td>-</td></tr>
  </tbody>
</table>",,
"13feb2b0-ebc1-41ad-981c-589e5239827d","İşlemeli Kalın Askılı Düşük Kollu Uzun Elbise","<table>
  <tbody>
    <tr>
      <th>Beden</th>
      <th>Göğüs</th>
      <th>Bel</th>
      <th>Basen</th>
    </tr>
    <tr data-size=""36""><td>36</td><td>82</td><td>66</td><td>-</td></tr>
    <tr data-size=""38""><td>38</td><td>86</td><td>70</td><td>-</td></tr>
    <tr data-size=""40""><td>40</td><td>90</td><td>74</td><td>-</td></tr>
  </tbody>
</table>","Uzun Abiye;Askılı Abiye;Yırtmaçlı Abiye","Krep Abiye"
"1433181a-8bea-4dd1-a6f8-f0c8edb92093","Aplike İşlemeli Pelerinli Uzun Elbise","<table>
  <tbody>
    <tr>
      <th>Beden</th>
      <th>Göğüs</th>
      <th>Bel</th>
      <th>Basen</th>
    </tr>
    <tr data-size=""36""><td>36</td><td>82</td><td>72</td><td>-</td></tr>
    <tr data-size=""38""><td>38</td><td>86</td><td>76</td><td>-</td></tr>
    <tr data-size=""40""><td>40</td><td>90</td><td>80</td><td>-</td></tr>
    <tr data-size=""42""><td>42</td><td>94</td><td>84</td><td>-</td></tr>
  </tbody>
</table>",,
"18186fb9-ce2f-4b30-92f4-74c61f49d575","İnci ve Taş İşlemeli Sıfır Kol Midi Elbise","<table>
  <tbody>
    <tr>
      <th>Beden</th>
      <th>Göğüs</th>
      <th>Bel</th>
      <th>Basen</th>
    </tr>
    <tr data-size=""38""><td>38</td><td>88</td><td>72</td><td>90</td></tr>
    <tr data-size=""40""><td>40</td><td>92</td><td>76</td><td>94</td></tr>
    <tr data-size=""42""><td>42</td><td>96</td><td>80</td><td>98</td></tr>
  </tbody>
</table>","Midi Abiye;Yırtmaçlı Abiye","Krep Abiye"
"18d7e6bc-9641-4e51-bac3-b7a20f330548","Gepiyerli Kum Beji Korse ve Ön Dolamalı Uzun Etek","<table>
  <tbody>
    <tr>
      <th>Beden</th>
      <th>Göğüs</th>
      <th>Bel</th>
      <th>Basen</th>
    </tr>
    <tr data-size=""36""><td>36</td><td>80</td><td>66</td><td>-</td></tr>
    <tr data-size=""38""><td>38</td><td>84</td><td>68</td><td>-</td></tr>
    <tr data-size=""40""><td>40</td><td>88</td><td>70</td><td>-</td></tr>
  </tbody>
</table>",,
"193700dd-71bd-4beb-bdba-006bf736050d","Truvakar Kollu Fiyonk Detaylı Kruvaze Uzun Elbise","<table>
  <tbody>
    <tr>
      <th>Beden</th>
      <th>Göğüs</th>
      <th>Bel</th>
      <th>Basen</th>
    </tr>
    <tr data-size=""40""><td>40</td><td>84</td><td>76</td><td>100</td></tr>
    <tr data-size=""42""><td>42</td><td>90</td><td>80</td><td>108</td></tr>
    <tr data-size=""44""><td>44</td><td>94</td><td>86</td><td>112</td></tr>
    <tr data-size=""46""><td>46</td><td>96</td><td>92</td><td>120</td></tr>
  </tbody>
</table>","Büyük Beden Abiye;Uzun Abiye;Yırtmaçlı Abiye","Krep Abiye"
"19b20b1e-c9ce-44b2-98f4-2fa3c6ced3e0","Taş İşlemeli Minik Bolerolu Tarlatanlı Uzun Elbise","<table>
  <tbody>
    <tr>
      <th>Beden</th>
      <th>Göğüs</th>
      <th>Bel</th>
      <th>Basen</th>
    </tr>
    <tr data-size=""36""><td>36</td><td>78</td><td>68</td><td>-</td></tr>
    <tr data-size=""38""><td>38</td><td>82</td><td>70</td><td>-</td></tr>
    <tr data-size=""40""><td>40</td><td>86</td><td>72</td><td>-</td></tr>
    <tr data-size=""42""><td>42</td><td>90</td><td>74</td><td>-</td></tr>
    <tr data-size=""44""><td>44</td><td>94</td><td>76</td><td>-</td></tr>
  </tbody>
</table>","Büyük Beden Abiye;Uzun Abiye;Askılı Abiye","Saten Abiye"
"1a2134cd-84f5-43a6-acff-de9ddeb626b1","Sırt Dekolteli Kruvaze Yaka Çapraz Bağlamalı Uzun Elbise","<table>
  <tbody>
    <tr>
      <th>Beden</th>
      <th>Göğüs</th>
      <th>Bel</th>
      <th>Basen</th>
    </tr>
    <tr data-size=""36""><td>36</td><td>70</td><td>60</td><td>80</td></tr>
    <tr data-size=""38""><td>38</td><td>74</td><td>66</td><td>84</td></tr>
    <tr data-size=""40""><td>40</td><td>78</td><td>72</td><td>88</td></tr>
  </tbody>
</table>","Uzun Abiye;Askılı Abiye;Yırtmaçlı Abiye","Simli Abiye;Likralı Abiye"
"1a3076e5-01c1-448a-8f05-edc2788a37db","Dantel Yakalı Belde ve Sırtta Dantel Dekolte Detaylı Uzun Elbise","<table>
  <tbody>
    <tr>
      <th>Beden</th>
      <th>Göğüs</th>
      <th>Bel</th>
      <th>Basen</th>
    </tr>
    <tr data-size=""38""><td>38</td><td>76</td><td>70</td><td>82</td></tr>
    <tr data-size=""40""><td>40</td><td>82</td><td>76</td><td>86</td></tr>
    <tr data-size=""42""><td>42</td><td>88</td><td>82</td><td>90</td></tr>
  </tbody>
</table>",,
"1b49fc8e-0ab3-461f-86fc-1db6cf6357ff","Kırlangıç Straplez Yakalı Çiçek İşlemeli Balık Kalıplı Uzun Elbise","<table>
  <tbody>
    <tr>
      <th>Beden</th>
      <th>Göğüs</th>
      <th>Bel</th>
      <th>Basen</th>
    </tr>
    <tr data-size=""36""><td>36</td><td>80</td><td>68</td><td>88</td></tr>
    <tr data-size=""38""><td>38</td><td>82</td><td>74</td><td>92</td></tr>
    <tr data-size=""40""><td>40</td><td>84</td><td>80</td><td>96</td></tr>
    <tr data-size=""42""><td>42</td><td>86</td><td>86</td><td>100</td></tr>
  </tbody>
</table>",,
"1c4ac605-b449-4a8c-9095-a50e00569f7b","Gümüş Taş İşlemeli Karpuz Kollu Uzun Elbise","<table>
  <tbody>
    <tr>
      <th>Beden</th>
      <th>Göğüs</th>
      <th>Bel</th>
      <th>Basen</th>
    </tr>
    <tr data-size=""40""><td>40</td><td>90</td><td>80</td><td>-</td></tr>
    <tr data-size=""42""><td>42</td><td>94</td><td>84</td><td>-</td></tr>
  </tbody>
</table>",,
"1c677cc6-d591-4eb8-b52a-6d9aa6dbfe54","Degaje Yaka Püsküllü Mini Elbise","<table>
  <tbody>
    <tr>
      <th>Beden</th>
      <th>Göğüs</th>
      <th>Bel</th>
      <th>Basen</th>
    </tr>
    <tr data-size=""38""><td>38</td><td>80</td><td>72</td><td>92</td></tr>
    <tr data-size=""40""><td>40</td><td>82</td><td>76</td><td>94</td></tr>
    <tr data-size=""42""><td>42</td><td>84</td><td>80</td><td>96</td></tr>
  </tbody>
</table>",,
"20343d90-04da-4d83-bf0f-46ca5a98d5ed","Degaje Yaka Gepiyerli Straplez Şifon Uzun Elbise","<table>
  <tbody>
    <tr>
      <th>Beden</th>
      <th>Göğüs</th>
      <th>Bel</th>
      <th>Basen</th>
    </tr>
    <tr data-size=""38""><td>38</td><td>74</td><td>64</td><td>-</td></tr>
    <tr data-size=""40""><td>40</td><td>80</td><td>70</td><td>-</td></tr>
    <tr data-size=""42""><td>42</td><td>86</td><td>76</td><td>-</td></tr>
  </tbody>
</table>",,
"20dbab0d-a83b-4063-beec-a62bb6539c24","Payetli İp Askılı Uzun Elbise","<table>
  <tbody>
    <tr>
      <th>Beden</th>
      <th>Göğüs</th>
      <th>Bel</th>
      <th>Basen</th>
    </tr>
    <tr data-size=""36""><td>36</td><td>72</td><td>70</td><td>72</td></tr>
    <tr data-size=""38""><td>38</td><td>76</td><td>72</td><td>78</td></tr>
    <tr data-size=""40""><td>40</td><td>80</td><td>74</td><td>84</td></tr>
    <tr data-size=""42""><td>42</td><td>84</td><td>78</td><td>90</td></tr>
  </tbody>
</table>",,
"20e688b2-44fb-4876-9386-b7e14c0106f7","İşleme Detaylı Halter Yaka Uzun Elbise","<table>
  <tbody>
    <tr>
      <th>Beden</th>
      <th>Göğüs</th>
      <th>Bel</th>
      <th>Basen</th>
    </tr>
    <tr data-size=""36""><td>36</td><td>84</td><td>70</td><td>86</td></tr>
    <tr data-size=""38""><td>38</td><td>88</td><td>74</td><td>90</td></tr>
    <tr data-size=""40""><td>40</td><td>92</td><td>78</td><td>94</td></tr>
    <tr data-size=""42""><td>42</td><td>96</td><td>82</td><td>98</td></tr>
  </tbody>
</table>","Uzun Abiye;Askılı Abiye","Şifon & Tül Abiye"
"20f8553c-e2b5-40a2-862f-a8add1320a63","Tül Üzerine 3 Boyutlu Çiçek İşlemeli Tarlatanlı Straplez Uzun Elbise","<table>
  <tbody>
    <tr>
      <th>Beden</th>
      <th>Göğüs</th>
      <th>Bel</th>
      <th>Basen</th>
    </tr>
    <tr data-size=""36""><td>36</td><td>88</td><td>70</td><td>-</td></tr>
    <tr data-size=""38""><td>38</td><td>94</td><td>76</td><td>-</td></tr>
    <tr data-size=""40""><td>40</td><td>100</td><td>82</td><td>-</td></tr>
    <tr data-size=""42""><td>42</td><td>106</td><td>88</td><td>-</td></tr>
  </tbody>
</table>","Uzun Abiye;Straplez Abiye","Şifon & Tül Abiye"
"217dc6f0-df41-40b8-a956-820376f72b7f","Boncuk İşlemeli 3 Boyutlu Çiçek Detaylı Korse Uzun Elbise","<table>
  <tbody>
    <tr>
      <th>Beden</th>
      <th>Göğüs</th>
      <th>Bel</th>
      <th>Basen</th>
    </tr>
    <tr data-size=""36""><td>36</td><td>84</td><td>68</td><td>90</td></tr>
    <tr data-size=""38""><td>38</td><td>86</td><td>70</td><td>94</td></tr>
  </tbody>
</table>",,
"21adb4f0-7297-4e41-a42a-4b1084ffcf6e","Straplez Kalp Yaka Şal İlaveli Uzun Elbise","<table>
  <tbody>
    <tr>
      <th>Beden</th>
      <th>Göğüs</th>
      <th>Bel</th>
      <th>Basen</th>
    </tr>
    <tr data-size=""38""><td>38</td><td>82</td><td>68</td><td>-</td></tr>
    <tr data-size=""40""><td>40</td><td>88</td><td>74</td><td>-</td></tr>
    <tr data-size=""42""><td>42</td><td>94</td><td>80</td><td>-</td></tr>
  </tbody>
</table>","Uzun Abiye;Straplez Abiye;Yırtmaçlı Abiye","Saten Abiye"
"22b0180e-8c90-4c5b-8427-be53e2430dc3","Korse Üstü Taş Detaylı Seyyar Eşarplı Straplez Uzun Elbise","<table>
  <tbody>
    <tr>
      <th>Beden</th>
      <th>Göğüs</th>
      <th>Bel</th>
      <th>Basen</th>
    </tr>
    <tr data-size=""38""><td>38</td><td>76</td><td>70</td><td>82</td></tr>
    <tr data-size=""40""><td>40</td><td>82</td><td>76</td><td>86</td></tr>
    <tr data-size=""42""><td>42</td><td>88</td><td>82</td><td>90</td></tr>
  </tbody>
</table>",,
"23d805f5-455b-43bf-aa34-0fddb662d09e","Degaje Yaka Saten Midi Elbise","<table>
  <tbody>
    <tr>
      <th>Beden</th>
      <th>Göğüs</th>
      <th>Bel</th>
      <th>Basen</th>
    </tr>
    <tr data-size=""36""><td>36</td><td>80</td><td>64</td><td>82</td></tr>
    <tr data-size=""38""><td>38</td><td>86</td><td>68</td><td>88</td></tr>
    <tr data-size=""40""><td>40</td><td>92</td><td>72</td><td>94</td></tr>
    <tr data-size=""42""><td>42</td><td>98</td><td>76</td><td>98</td></tr>
  </tbody>
</table>",,
"26aa671d-2a0c-42f9-aa73-355c6e93a5f6","Çiçek İşlemeli Uzun Tulum","<table>
  <tbody>
    <tr>
      <th>Beden</th>
      <th>Göğüs</th>
      <th>Bel</th>
      <th>Basen</th>
    </tr>
    <tr data-size=""38""><td>38</td><td>90</td><td>74</td><td>-</td></tr>
    <tr data-size=""40""><td>40</td><td>96</td><td>80</td><td>-</td></tr>
    <tr data-size=""42""><td>42</td><td>102</td><td>86</td><td>-</td></tr>
  </tbody>
</table>","Uzun Abiye;Straplez Abiye","Saten Abiye;Krep Abiye"
"270fc55a-f7bd-4300-a4bb-f3500483ecc0","Gümüş Taş Fiyonk Detaylı Kuyruklu Straplez Uzun Elbise","<table>
  <tbody>
    <tr>
      <th>Beden</th>
      <th>Göğüs</th>
      <th>Bel</th>
      <th>Basen</th>
    </tr>
    <tr data-size=""38""><td>38</td><td>78</td><td>70</td><td>86</td></tr>
    <tr data-size=""40""><td>40</td><td>82</td><td>74</td><td>90</td></tr>
    <tr data-size=""42""><td>42</td><td>86</td><td>80</td><td>94</td></tr>
    <tr data-size=""44""><td>44</td><td>90</td><td>84</td><td>98</td></tr>
    <tr data-size=""46""><td>46</td><td>94</td><td>88</td><td>102</td></tr>
  </tbody>
</table>",,
"283a8373-55cc-4ec2-b6b8-dbc8d7eff423","Örgü Drapeli Pelerin Kollu Uzun Mürdüm Elbise","<table>
  <tbody>
    <tr>
      <th>Beden</th>
      <th>Göğüs</th>
      <th>Bel</th>
      <th>Basen</th>
    </tr>
    <tr data-size=""42""><td>42</td><td>94</td><td>76</td><td>-</td></tr>
    <tr data-size=""44""><td>44</td><td>100</td><td>82</td><td>-</td></tr>
    <tr data-size=""46""><td>46</td><td>106</td><td>88</td><td>-</td></tr>
    <tr data-size=""48""><td>48</td><td>112</td><td>94</td><td>-</td></tr>
    <tr data-size=""50""><td>50</td><td>118</td><td>94</td><td>-</td></tr>
  </tbody>
</table>","Büyük Beden Abiye;Uzun Abiye","Şifon & Tül Abiye"
"2922f988-9444-4063-8d8d-658844e0d2ec","Krep Kumaş Straplez Mini Elbise","<table>
  <tbody>
    <tr>
      <th>Beden</th>
      <th>Göğüs</th>
      <th>Bel</th>
      <th>Basen</th>
    </tr>
    <tr data-size=""36""><td>36</td><td>82</td><td>66</td><td>-</td></tr>
    <tr data-size=""38""><td>38</td><td>86</td><td>70</td><td>-</td></tr>
    <tr data-size=""40""><td>40</td><td>90</td><td>74</td><td>-</td></tr>
    <tr data-size=""42""><td>42</td><td>94</td><td>78</td><td>-</td></tr>
  </tbody>
</table>",,
"2b870625-2f53-4fff-a73e-8dbb742a4594","Çiçek Detaylı Balık Kalıp Uzun Elbise","<table>
  <tbody>
    <tr>
      <th>Beden</th>
      <th>Göğüs</th>
      <th>Bel</th>
      <th>Basen</th>
    </tr>
    <tr data-size=""38""><td>38</td><td>82</td><td>74</td><td>90</td></tr>
    <tr data-size=""40""><td>40</td><td>88</td><td>76</td><td>92</td></tr>
    <tr data-size=""42""><td>42</td><td>94</td><td>78</td><td>94</td></tr>
  </tbody>
</table>","Uzun Abiye;Straplez Abiye","Şifon & Tül Abiye"
"2ff36081-bb5a-4842-a971-e9ca5318799e","Tek Omuzlu Sim Detaylı Uzun Elbise","<table>
  <tbody>
    <tr>
      <th>Beden</th>
      <th>Göğüs</th>
      <th>Bel</th>
      <th>Basen</th>
    </tr>
    <tr data-size=""38""><td>38</td><td>74</td><td>68</td><td>-</td></tr>
    <tr data-size=""40""><td>40</td><td>76</td><td>70</td><td>-</td></tr>
    <tr data-size=""42""><td>42</td><td>78</td><td>72</td><td>-</td></tr>
    <tr data-size=""44""><td>44</td><td>80</td><td>80</td><td>-</td></tr>
    <tr data-size=""46""><td>46</td><td>82</td><td>86</td><td>-</td></tr>
    <tr data-size=""48""><td>48</td><td>84</td><td>92</td><td>-</td></tr>
  </tbody>
</table>","Büyük Beden Abiye;Uzun Abiye;Tek Omuz Askılı Abiye;Yırtmaçlı Abiye","Simli Abiye;Tafta Abiye"
"32171d22-2145-4217-997f-31e54a139390","Taş İşlemeli Prenses Yakalı Uzun Elbise","<table>
  <tbody>
    <tr>
      <th>Beden</th>
      <th>Göğüs</th>
      <th>Bel</th>
      <th>Basen</th>
    </tr>
    <tr data-size=""38""><td>38</td><td>90</td><td>74</td><td>-</td></tr>
    <tr data-size=""40""><td>40</td><td>94</td><td>78</td><td>-</td></tr>
    <tr data-size=""42""><td>42</td><td>98</td><td>82</td><td>-</td></tr>
  </tbody>
</table>","Uzun Abiye;Straplez Abiye","Saten Abiye"
"32db1256-cb41-49eb-bf29-790f52329f65","Boncuk İşlemeli Halter Yaka Şifon Uzun Elbise","<table>
  <tbody>
    <tr>
      <th>Beden</th>
      <th>Göğüs</th>
      <th>Bel</th>
      <th>Basen</th>
    </tr>
    <tr data-size=""36""><td>36</td><td>70</td><td>66</td><td>-</td></tr>
    <tr data-size=""38""><td>38</td><td>74</td><td>70</td><td>-</td></tr>
    <tr data-size=""40""><td>40</td><td>78</td><td>74</td><td>-</td></tr>
    <tr data-size=""42""><td>42</td><td>82</td><td>78</td><td>-</td></tr>
  </tbody>
</table>",,
"339099cd-8738-4cf5-b697-1aef96eaad85","Organze Kumaş Askıları Fiyonk Detaylı Mini Elbise","<table>
  <tbody>
    <tr>
      <th>Beden</th>
      <th>Göğüs</th>
      <th>Bel</th>
      <th>Basen</th>
    </tr>
    <tr data-size=""36""><td>36</td><td>80</td><td>66</td><td>-</td></tr>
    <tr data-size=""38""><td>38</td><td>84</td><td>70</td><td>-</td></tr>
    <tr data-size=""40""><td>40</td><td>88</td><td>74</td><td>-</td></tr>
    <tr data-size=""42""><td>42</td><td>92</td><td>78</td><td>-</td></tr>
  </tbody>
</table>",,
"35604ace-21fd-4d3c-8ae3-bc2ecfee057c","Çapraz Pelerinli İşleme Detaylı Uzun Elbise","<table>
  <tbody>
    <tr>
      <th>Beden</th>
      <th>Göğüs</th>
      <th>Bel</th>
      <th>Basen</th>
    </tr>
    <tr data-size=""36""><td>36</td><td>82</td><td>72</td><td>-</td></tr>
    <tr data-size=""38""><td>38</td><td>86</td><td>76</td><td>-</td></tr>
    <tr data-size=""40""><td>40</td><td>90</td><td>80</td><td>-</td></tr>
    <tr data-size=""42""><td>42</td><td>94</td><td>84</td><td>-</td></tr>
  </tbody>
</table>","Tesettür Abiye;Uzun Abiye","Krep Abiye"
"36af3577-31b4-4495-8bc0-6e417e24074b","Kolsuz Kayık Yaka Kruvaze Uzun Büyük Beden Elbise","<table>
  <tbody>
    <tr>
      <th>Beden</th>
      <th>Göğüs</th>
      <th>Bel</th>
      <th>Basen</th>
    </tr>
    <tr data-size=""44""><td>44</td><td>96</td><td>80</td><td>100</td></tr>
    <tr data-size=""46""><td>46</td><td>102</td><td>86</td><td>106</td></tr>
    <tr data-size=""48""><td>48</td><td>108</td><td>92</td><td>112</td></tr>
  </tbody>
</table>",,
"3a3c846d-d7bc-46dd-8b39-06550d26ca29","Kalın Askılı Kare Yaka Saten Midi Elbise","<table>
  <tbody>
    <tr>
      <th>Beden</th>
      <th>Göğüs</th>
      <th>Bel</th>
      <th>Basen</th>
    </tr>
    <tr data-size=""36""><td>36</td><td>86</td><td>72</td><td>-</td></tr>
    <tr data-size=""38""><td>38</td><td>90</td><td>74</td><td>-</td></tr>
    <tr data-size=""40""><td>40</td><td>94</td><td>76</td><td>-</td></tr>
    <tr data-size=""42""><td>42</td><td>98</td><td>78</td><td>-</td></tr>
  </tbody>
</table>",,
"3a539104-4756-4fad-8d4c-dbe599aa6d2e","Kalp Yaka Taş İşlemeli Fiyonk Detaylı Balık Kalıplı Uzun Elbise","<table>
  <tbody>
    <tr>
      <th>Beden</th>
      <th>Göğüs</th>
      <th>Bel</th>
      <th>Basen</th>
    </tr>
    <tr data-size=""36""><td>36</td><td>80</td><td>66</td><td>88</td></tr>
    <tr data-size=""38""><td>38</td><td>84</td><td>72</td><td>90</td></tr>
    <tr data-size=""40""><td>40</td><td>88</td><td>78</td><td>92</td></tr>
  </tbody>
</table>",,
"3c47ff33-c277-4ecc-b804-a4f218abae03","Payetli Çapraz Askı Detaylı Midi Elbise","<table>
  <tbody>
    <tr>
      <th>Beden</th>
      <th>Göğüs</th>
      <th>Bel</th>
      <th>Basen</th>
    </tr>
    <tr data-size=""38""><td>38</td><td>80</td><td>68</td><td>82</td></tr>
    <tr data-size=""40""><td>40</td><td>82</td><td>70</td><td>86</td></tr>
    <tr data-size=""42""><td>42</td><td>84</td><td>74</td><td>84</td></tr>
  </tbody>
</table>",,
"3dad69d9-ad94-434e-9542-3d6004577bb2","Saten Biyeli Tek Omuz Midi Elbise","<table>
  <tbody>
    <tr>
      <th>Beden</th>
      <th>Göğüs</th>
      <th>Bel</th>
      <th>Basen</th>
    </tr>
    <tr data-size=""38""><td>38</td><td>90</td><td>72</td><td>88</td></tr>
    <tr data-size=""40""><td>40</td><td>92</td><td>74</td><td>90</td></tr>
    <tr data-size=""42""><td>42</td><td>94</td><td>76</td><td>92</td></tr>
  </tbody>
</table>","Midi Abiye;Tek Omuz Askılı Abiye;Yırtmaçlı Abiye","Krep Abiye"
"3ef5bcb3-b660-42a9-a993-83cd59218188","Leopar Desenli Tek Omuzlu Mini Elbise","<table>
  <tbody>
    <tr>
      <th>Beden</th>
      <th>Göğüs</th>
      <th>Bel</th>
      <th>Basen</th>
    </tr>
    <tr data-size=""38""><td>38</td><td>78</td><td>66</td><td>-</td></tr>
    <tr data-size=""40""><td>40</td><td>84</td><td>72</td><td>-</td></tr>
    <tr data-size=""42""><td>42</td><td>90</td><td>78</td><td>-</td></tr>
  </tbody>
</table>",,
"3f2fa6c7-d793-4b61-a976-ce529146c78d","Truvakar Kollu Dökümlü Uzun Elbise","<table>
  <tbody>
    <tr>
      <th>Beden</th>
      <th>Göğüs</th>
      <th>Bel</th>
      <th>Basen</th>
    </tr>
    <tr data-size=""40""><td>40</td><td>88</td><td>72</td><td>-</td></tr>
    <tr data-size=""42""><td>42</td><td>94</td><td>78</td><td>-</td></tr>
    <tr data-size=""44""><td>44</td><td>100</td><td>82</td><td>-</td></tr>
    <tr data-size=""46""><td>46</td><td>106</td><td>88</td><td>-</td></tr>
    <tr data-size=""48""><td>48</td><td>112</td><td>94</td><td>-</td></tr>
  </tbody>
</table>","Büyük Beden Abiye;Uzun Abiye;Yırtmaçlı Abiye","Tafta Abiye"
"3fb4acea-a804-4a0b-b7da-67364a1445cf","Boncuk İşlemeli Pilise Volanlı Asimetrik Etek Detaylı Mini Elbise","<table>
  <tbody>
    <tr>
      <th>Beden</th>
      <th>Göğüs</th>
      <th>Bel</th>
      <th>Basen</th>
    </tr>
    <tr data-size=""36""><td>36</td><td>70</td><td>64</td><td>76</td></tr>
    <tr data-size=""38""><td>38</td><td>76</td><td>70</td><td>82</td></tr>
    <tr data-size=""40""><td>40</td><td>82</td><td>76</td><td>88</td></tr>
  </tbody>
</table>",,
"41ed1433-6946-4d4a-be6d-9e69944ed3c6","Gepiyerli Göğüs Drapeli Kalp Yaka Sim Detaylı Arkası İpli Mini Elbise","<table>
  <tbody>
    <tr>
      <th>Beden</th>
      <th>Göğüs</th>
      <th>Bel</th>
      <th>Basen</th>
    </tr>
    <tr data-size=""36""><td>36</td><td>70</td><td>62</td><td>-</td></tr>
    <tr data-size=""38""><td>38</td><td>72</td><td>66</td><td>-</td></tr>
    <tr data-size=""40""><td>40</td><td>74</td><td>70</td><td>-</td></tr>
  </tbody>
</table>",,
"42b474b6-cd60-422f-bcc6-c0e07038e4da","Kupon İşleme Detaylı Şifon Kumaşlı Hakim Yaka Uzun Kollu Uzun Elbise","<table>
  <tbody>
    <tr>
      <th>Beden</th>
      <th>Göğüs</th>
      <th>Bel</th>
      <th>Basen</th>
    </tr>
    <tr data-size=""38""><td>38</td><td>92</td><td>78</td><td>-</td></tr>
    <tr data-size=""40""><td>40</td><td>96</td><td>82</td><td>-</td></tr>
    <tr data-size=""42""><td>42</td><td>100</td><td>86</td><td>-</td></tr>
    <tr data-size=""44""><td>44</td><td>104</td><td>90</td><td>-</td></tr>
  </tbody>
</table>",,
"42b7dd18-bb58-47d0-9ee1-f54e6ea05e80","Kayık Yaka Dantel Kol Detaylı Uzun Elbise","<table>
  <tbody>
    <tr>
      <th>Beden</th>
      <th>Göğüs</th>
      <th>Bel</th>
      <th>Basen</th>
    </tr>
    <tr data-size=""36""><td>36</td><td>70</td><td>62</td><td>-</td></tr>
    <tr data-size=""38""><td>38</td><td>74</td><td>66</td><td>-</td></tr>
    <tr data-size=""40""><td>40</td><td>78</td><td>70</td><td>-</td></tr>
    <tr data-size=""42""><td>42</td><td>82</td><td>74</td><td>-</td></tr>
  </tbody>
</table>",,
"43099645-ae4f-4d68-9a9e-eae766544ef5","Lez Dantel Degaje Yaka Gepiyerli Hakim Yakalı Uzun Kollu Uzun Elbise","<table>
  <tbody>
    <tr>
      <th>Beden</th>
      <th>Göğüs</th>
      <th>Bel</th>
      <th>Basen</th>
    </tr>
    <tr data-size=""38""><td>38</td><td>86</td><td>76</td><td>-</td></tr>
    <tr data-size=""40""><td>40</td><td>90</td><td>80</td><td>-</td></tr>
    <tr data-size=""42""><td>42</td><td>94</td><td>84</td><td>-</td></tr>
    <tr data-size=""44""><td>44</td><td>98</td><td>88</td><td>-</td></tr>
  </tbody>
</table>",,
"431b26dd-2dfe-420f-81ad-1d047f7ed6f6","Tarlatanlı Saten Uzun Elbise","<table>
  <tbody>
    <tr>
      <th>Beden</th>
      <th>Göğüs</th>
      <th>Bel</th>
      <th>Basen</th>
    </tr>
    <tr data-size=""38""><td>38</td><td>88</td><td>72</td><td>-</td></tr>
    <tr data-size=""40""><td>40</td><td>94</td><td>76</td><td>-</td></tr>
  </tbody>
</table>","Uzun Abiye","Saten Abiye"
"43483bc6-da10-4807-9104-6d5ac749d131","Simli ve Arka Beden Crop Görünümlü Şal Detaylı Uzun Elbise","<table>
  <tbody>
    <tr>
      <th>Beden</th>
      <th>Göğüs</th>
      <th>Bel</th>
      <th>Basen</th>
    </tr>
    <tr data-size=""36""><td>36</td><td>74</td><td>62</td><td>-</td></tr>
    <tr data-size=""38""><td>38</td><td>78</td><td>66</td><td>-</td></tr>
    <tr data-size=""40""><td>40</td><td>82</td><td>70</td><td>-</td></tr>
  </tbody>
</table>","Uzun Abiye;Askılı Abiye;Yırtmaçlı Abiye","Krep Abiye"
"43b62722-4072-4213-b5fb-0aa812b35e77","Taş Detaylı Hakim Yakalı Kısa Kemerli Mini Elbise","<table>
  <tbody>
    <tr>
      <th>Beden</th>
      <th>Göğüs</th>
      <th>Bel</th>
      <th>Basen</th>
    </tr>
    <tr data-size=""38""><td>38</td><td>88</td><td>70</td><td>-</td></tr>
    <tr data-size=""40""><td>40</td><td>90</td><td>76</td><td>-</td></tr>
    <tr data-size=""42""><td>42</td><td>92</td><td>82</td><td>-</td></tr>
  </tbody>
</table>","Mini Abiye","Krep Abiye"
"45c8634d-7d95-4f9c-a7dc-37dc97bc6ef5","İşlemeli Pelerin Detaylı Balık Kalıp Straplez Uzun Elbise","<table>
  <tbody>
    <tr>
      <th>Beden</th>
      <th>Göğüs</th>
      <th>Bel</th>
      <th>Basen</th>
    </tr>
    <tr data-size=""38""><td>38</td><td>84</td><td>68</td><td>86</td></tr>
    <tr data-size=""40""><td>40</td><td>90</td><td>74</td><td>90</td></tr>
    <tr data-size=""42""><td>42</td><td>96</td><td>80</td><td>94</td></tr>
  </tbody>
</table>","Uzun Abiye;Straplez Abiye","Payetli Abiye;Şifon & Tül Abiye"
"46e915d7-2ad7-4ed3-a44e-a59ef3829a7e","Taş İşleme Detaylı Tek Omuz Kısa Kollu Uzun Büyük Beden Elbise","<table>
  <tbody>
    <tr>
      <th>Beden</th>
      <th>Göğüs</th>
      <th>Bel</th>
      <th>Basen</th>
    </tr>
    <tr data-size=""44""><td>44</td><td>94</td><td>80</td><td>104</td></tr>
    <tr data-size=""46""><td>46</td><td>100</td><td>88</td><td>108</td></tr>
    <tr data-size=""48""><td>48</td><td>106</td><td>96</td><td>112</td></tr>
  </tbody>
</table>","Büyük Beden Abiye;Uzun Abiye;Tek Omuz Askılı Abiye;Yırtmaçlı Abiye","Krep Abiye"
"47bd5f36-0d60-46fc-afad-69311a49a43f","Seyyar Pelerin Yakalı Volanlı Uzun Kollu Uzun Elbise","<table>
  <tbody>
    <tr>
      <th>Beden</th>
      <th>Göğüs</th>
      <th>Bel</th>
      <th>Basen</th>
    </tr>
    <tr data-size=""38""><td>38</td><td>84</td><td>78</td><td>-</td></tr>
    <tr data-size=""40""><td>40</td><td>90</td><td>80</td><td>-</td></tr>
    <tr data-size=""42""><td>42</td><td>96</td><td>82</td><td>-</td></tr>
    <tr data-size=""44""><td>44</td><td>102</td><td>84</td><td>-</td></tr>
  </tbody>
</table>","Tesettür Abiye;Büyük Beden Abiye;Uzun Abiye","Şifon & Tül Abiye"
"486255fa-a7ec-4eff-b9e9-f78c7671c05a","Boncuk İşlemeli Sırt Dantel Detaylı Uzun Elbise","<table>
  <tbody>
    <tr>
      <th>Beden</th>
      <th>Göğüs</th>
      <th>Bel</th>
      <th>Basen</th>
    </tr>
    <tr data-size=""38""><td>38</td><td>80</td><td>72</td><td>90</td></tr>
    <tr data-size=""40""><td>40</td><td>84</td><td>76</td><td>94</td></tr>
    <tr data-size=""42""><td>42</td><td>88</td><td>80</td><td>98</td></tr>
  </tbody>
</table>",,
"48ca142a-cd09-47a6-8591-d56975ffca92","Yuvarlak Yaka Üst Beden Çapraz Drapeli Alt Beden Tül Kapaklı İçi Astarlı Uzun Tulum","<table>
  <tbody>
    <tr>
      <th>Beden</th>
      <th>Göğüs</th>
      <th>Bel</th>
      <th>Basen</th>
    </tr>
    <tr data-size=""38""><td>38</td><td>86</td><td>74</td><td>-</td></tr>
    <tr data-size=""40""><td>40</td><td>90</td><td>78</td><td>-</td></tr>
    <tr data-size=""42""><td>42</td><td>94</td><td>82</td><td>-</td></tr>
  </tbody>
</table>","Uzun Abiye","Şifon & Tül Abiye;Krep Abiye"
"4915d184-ed0a-4dfd-8290-53a52c4e6e2f","Saten Erkek Yakalı Düğme Detaylı Kolsuz Krep Kumaş Siyah Uzun Elbise","<table>
  <tbody>
    <tr>
      <th>Beden</th>
      <th>Göğüs</th>
      <th>Bel</th>
      <th>Basen</th>
    </tr>
    <tr data-size=""38""><td>38</td><td>90</td><td>72</td><td>100</td></tr>
    <tr data-size=""40""><td>40</td><td>96</td><td>76</td><td>102</td></tr>
    <tr data-size=""42""><td>42</td><td>102</td><td>80</td><td>104</td></tr>
    <tr data-size=""44""><td>44</td><td>108</td><td>84</td><td>106</td></tr>
    <tr data-size=""46""><td>46</td><td>114</td><td>88</td><td>108</td></tr>
  </tbody>
</table>","Büyük Beden Abiye;Uzun Abiye;Yırtmaçlı Abiye","Saten Abiye;Krep Abiye"
"4b974793-39e3-4a5c-8d5a-6d4306fb334e","Zincir Kemer Detaylı Alt Beden Tül Uzun Elbise","<table>
  <tbody>
    <tr>
      <th>Beden</th>
      <th>Göğüs</th>
      <th>Bel</th>
      <th>Basen</th>
    </tr>
    <tr data-size=""36""><td>36</td><td>88</td><td>74</td><td>88</td></tr>
    <tr data-size=""38""><td>38</td><td>94</td><td>80</td><td>94</td></tr>
    <tr data-size=""40""><td>40</td><td>100</td><td>86</td><td>100</td></tr>
    <tr data-size=""42""><td>42</td><td>106</td><td>92</td><td>106</td></tr>
  </tbody>
</table>","Uzun Abiye","Şifon & Tül Abiye;Krep Abiye"
"4bf8153d-a49e-4f57-b5a4-ae4b0d8861f7","Beli Çiçek Detaylı Şifon Drapeli  Uzun Kollu Uzun Elbise","<table>
  <tbody>
    <tr>
      <th>Beden</th>
      <th>Göğüs</th>
      <th>Bel</th>
      <th>Basen</th>
    </tr>
    <tr data-size=""38""><td>38</td><td>94</td><td>76</td><td>-</td></tr>
    <tr data-size=""40""><td>40</td><td>96</td><td>82</td><td>-</td></tr>
    <tr data-size=""42""><td>42</td><td>98</td><td>88</td><td>-</td></tr>
    <tr data-size=""44""><td>44</td><td>100</td><td>94</td><td>-</td></tr>
  </tbody>
</table>",,
"4cd6d62c-0187-434f-aeb6-d09cc04bdee4","Deniz Kabuğu İşlemeli Şifon Uzun Tulum","<table>
  <tbody>
    <tr>
      <th>Beden</th>
      <th>Göğüs</th>
      <th>Bel</th>
      <th>Basen</th>
    </tr>
    <tr data-size=""38""><td>38</td><td>80</td><td>74</td><td>82</td></tr>
    <tr data-size=""40""><td>40</td><td>86</td><td>76</td><td>86</td></tr>
    <tr data-size=""42""><td>42</td><td>92</td><td>78</td><td>90</td></tr>
  </tbody>
</table>",,
"4d7e16b3-c3fb-478c-b8e9-b87247c05152","Kupon Kumaş Tamamen İşlemeli Hakim Yaka Uzun Elbise","<table>
  <tbody>
    <tr>
      <th>Beden</th>
      <th>Göğüs</th>
      <th>Bel</th>
      <th>Basen</th>
    </tr>
    <tr data-size=""38""><td>38</td><td>92</td><td>76</td><td>100</td></tr>
    <tr data-size=""40""><td>40</td><td>98</td><td>82</td><td>102</td></tr>
    <tr data-size=""42""><td>42</td><td>104</td><td>88</td><td>104</td></tr>
    <tr data-size=""44""><td>44</td><td>110</td><td>94</td><td>106</td></tr>
  </tbody>
</table>",,
"4d7fc2b5-0c52-4b48-8e60-8636d8ed6e14","Boncuk Detaylı Degaje Yaka Uzun Elbise","<table>
  <tbody>
    <tr>
      <th>Beden</th>
      <th>Göğüs</th>
      <th>Bel</th>
      <th>Basen</th>
    </tr>
    <tr data-size=""38""><td>38</td><td>88</td><td>72</td><td>92</td></tr>
    <tr data-size=""40""><td>40</td><td>92</td><td>74</td><td>96</td></tr>
    <tr data-size=""42""><td>42</td><td>96</td><td>76</td><td>100</td></tr>
  </tbody>
</table>",,
"4edfef64-68da-4e00-96eb-10c035e5a5f6","Kristal Taş İşlemeli Sırt Bağlamalı Korse ve Uzun Etek","<table>
  <tbody>
    <tr>
      <th>Beden</th>
      <th>Göğüs</th>
      <th>Bel</th>
      <th>Basen</th>
    </tr>
    <tr data-size=""36""><td>36</td><td>74</td><td>68</td><td>82</td></tr>
    <tr data-size=""38""><td>38</td><td>78</td><td>72</td><td>86</td></tr>
    <tr data-size=""40""><td>40</td><td>82</td><td>76</td><td>90</td></tr>
    <tr data-size=""42""><td>42</td><td>86</td><td>80</td><td>94</td></tr>
    <tr data-size=""44""><td>44</td><td>90</td><td>84</td><td>98</td></tr>
  </tbody>
</table>",,
"50670529-260d-427c-b44c-ec64d5f9d7d3","Payetli Kalp Yaka Kalın Askılı Mini Elbise","<table>
  <tbody>
    <tr>
      <th>Beden</th>
      <th>Göğüs</th>
      <th>Bel</th>
      <th>Basen</th>
    </tr>
    <tr data-size=""36""><td>36</td><td>80</td><td>66</td><td>-</td></tr>
    <tr data-size=""38""><td>38</td><td>84</td><td>70</td><td>-</td></tr>
    <tr data-size=""40""><td>40</td><td>88</td><td>78</td><td>-</td></tr>
    <tr data-size=""42""><td>42</td><td>92</td><td>82</td><td>-</td></tr>
  </tbody>
</table>",,
"5101abf9-9e75-4132-9c0b-3bfc38933622","Prenses Yakalı Taş İşlemeli Uzun Elbise","<table>
  <tbody>
    <tr>
      <th>Beden</th>
      <th>Göğüs</th>
      <th>Bel</th>
      <th>Basen</th>
    </tr>
    <tr data-size=""38""><td>38</td><td>80</td><td>72</td><td>-</td></tr>
    <tr data-size=""40""><td>40</td><td>82</td><td>74</td><td>-</td></tr>
    <tr data-size=""42""><td>42</td><td>84</td><td>76</td><td>-</td></tr>
  </tbody>
</table>","Uzun Abiye;Straplez Abiye","Tafta Abiye"
"54244743-12ad-4ff1-ba83-0d857fc65970","Payetli İp Askılı Midi Elbise","<table>
  <tbody>
    <tr>
      <th>Beden</th>
      <th>Göğüs</th>
      <th>Bel</th>
      <th>Basen</th>
    </tr>
    <tr data-size=""38""><td>38</td><td>80</td><td>72</td><td>-</td></tr>
    <tr data-size=""40""><td>40</td><td>82</td><td>74</td><td>-</td></tr>
    <tr data-size=""42""><td>42</td><td>84</td><td>76</td><td>-</td></tr>
  </tbody>
</table>",,
"5464eec1-cf64-4826-83b4-0571bcbf7237","Gepiyerli Drapeli Balon Etek Detaylı Straplez Mini Elbise","<table>
  <tbody>
    <tr>
      <th>Beden</th>
      <th>Göğüs</th>
      <th>Bel</th>
      <th>Basen</th>
    </tr>
    <tr data-size=""36""><td>36</td><td>76</td><td>62</td><td>-</td></tr>
    <tr data-size=""38""><td>38</td><td>78</td><td>66</td><td>-</td></tr>
    <tr data-size=""40""><td>40</td><td>80</td><td>70</td><td>-</td></tr>
  </tbody>
</table>",,
"570418e8-3225-47b9-b7f2-eedc64cda113","Büstiyerli Dantel Üst Beden Detaylı Midi Elbise","<table>
  <tbody>
    <tr>
      <th>Beden</th>
      <th>Göğüs</th>
      <th>Bel</th>
      <th>Basen</th>
    </tr>
    <tr data-size=""36""><td>36</td><td>78</td><td>64</td><td>90</td></tr>
    <tr data-size=""38""><td>38</td><td>80</td><td>66</td><td>92</td></tr>
    <tr data-size=""40""><td>40</td><td>82</td><td>68</td><td>94</td></tr>
    <tr data-size=""42""><td>42</td><td>84</td><td>70</td><td>96</td></tr>
  </tbody>
</table>",,
"58ee86b6-6715-48ae-b01f-0d3eb9b6bad8","Taş Detaylı Gepiyerli Mini Elbise","<table>
  <tbody>
    <tr>
      <th>Beden</th>
      <th>Göğüs</th>
      <th>Bel</th>
      <th>Basen</th>
    </tr>
    <tr data-size=""38""><td>38</td><td>82</td><td>68</td><td>96</td></tr>
    <tr data-size=""40""><td>40</td><td>88</td><td>76</td><td>102</td></tr>
    <tr data-size=""42""><td>42</td><td>94</td><td>82</td><td>108</td></tr>
  </tbody>
</table>","Mini Abiye;Straplez Abiye","Krep Abiye"
"599cb9a8-1d7b-45d3-b072-99deb264f58e","Bel Drapeli Gold Tokalı Şal Detaylı Uzun Elbise","<table>
  <tbody>
    <tr>
      <th>Beden</th>
      <th>Göğüs</th>
      <th>Bel</th>
      <th>Basen</th>
    </tr>
    <tr data-size=""38""><td>38</td><td>86</td><td>66</td><td>-</td></tr>
    <tr data-size=""40""><td>40</td><td>88</td><td>70</td><td>-</td></tr>
    <tr data-size=""42""><td>42</td><td>90</td><td>74</td><td>-</td></tr>
  </tbody>
</table>",,
"5abd030d-55b4-4e69-9819-04a304766688","Pile Detaylı Saten Straplez Uzun Elbise","<table>
  <tbody>
    <tr>
      <th>Beden</th>
      <th>Göğüs</th>
      <th>Bel</th>
      <th>Basen</th>
    </tr>
    <tr data-size=""38""><td>38</td><td>82</td><td>68</td><td>94</td></tr>
    <tr data-size=""40""><td>40</td><td>86</td><td>74</td><td>100</td></tr>
    <tr data-size=""42""><td>42</td><td>90</td><td>80</td><td>106</td></tr>
  </tbody>
</table>","Uzun Abiye;Straplez Abiye;Yırtmaçlı Abiye","Saten Abiye"
"5b02a4f8-666b-4d98-ad9b-32e83f155728","Göğüs Geniş Drapeli Volumlu Etekli Çapraz İp Askılı Mini Elbise","<table>
  <tbody>
    <tr>
      <th>Beden</th>
      <th>Göğüs</th>
      <th>Bel</th>
      <th>Basen</th>
    </tr>
    <tr data-size=""36""><td>36</td><td>66</td><td>60</td><td>-</td></tr>
    <tr data-size=""38""><td>38</td><td>70</td><td>64</td><td>-</td></tr>
    <tr data-size=""40""><td>40</td><td>74</td><td>68</td><td>-</td></tr>
  </tbody>
</table>",,
"5d624219-46df-4b7d-9d5e-f9cbefbb62bf","Pilise Volanlı Mini Elbise","<table>
  <tbody>
    <tr>
      <th>Beden</th>
      <th>Göğüs</th>
      <th>Bel</th>
      <th>Basen</th>
    </tr>
    <tr data-size=""38""><td>38</td><td>86</td><td>76</td><td>90</td></tr>
    <tr data-size=""40""><td>40</td><td>92</td><td>82</td><td>95</td></tr>
    <tr data-size=""42""><td>42</td><td>98</td><td>88</td><td>100</td></tr>
  </tbody>
</table>","Mini Abiye;Tek Omuz Askılı Abiye","Krep Abiye"
"5ddb67db-9d83-4226-bdae-72608cb16570","Taş Detaylı Sandy Kumaş Uzun Elbise","<table>
  <tbody>
    <tr>
      <th>Beden</th>
      <th>Göğüs</th>
      <th>Bel</th>
      <th>Basen</th>
    </tr>
    <tr data-size=""36""><td>36</td><td>80</td><td>66</td><td>-</td></tr>
    <tr data-size=""38""><td>38</td><td>82</td><td>70</td><td>-</td></tr>
  </tbody>
</table>","Uzun Abiye;Yırtmaçlı Abiye","Sandy Abiye"
"5e7c069e-bb55-4cc3-8a0b-eb453545cb2d","Kayık Yaka Çapraz Drapeli Uzun Elbise","<table>
  <tbody>
    <tr>
      <th>Beden</th>
      <th>Göğüs</th>
      <th>Bel</th>
      <th>Basen</th>
    </tr>
    <tr data-size=""42""><td>42</td><td>90</td><td>76</td><td>-</td></tr>
    <tr data-size=""44""><td>44</td><td>96</td><td>82</td><td>-</td></tr>
    <tr data-size=""46""><td>46</td><td>102</td><td>88</td><td>-</td></tr>
    <tr data-size=""48""><td>48</td><td>108</td><td>94</td><td>-</td></tr>
  </tbody>
</table>",,
"5e92c394-a993-499f-a321-0c971764e662","Pelerin ve Taş Detaylı Uzun Elbise","<table>
  <tbody>
    <tr>
      <th>Beden</th>
      <th>Göğüs</th>
      <th>Bel</th>
      <th>Basen</th>
    </tr>
    <tr data-size=""36""><td>36</td><td>82</td><td>72</td><td>-</td></tr>
    <tr data-size=""38""><td>38</td><td>86</td><td>76</td><td>-</td></tr>
    <tr data-size=""40""><td>40</td><td>90</td><td>80</td><td>-</td></tr>
    <tr data-size=""42""><td>42</td><td>94</td><td>84</td><td>-</td></tr>
  </tbody>
</table>",,
"6008103d-9a8f-42d5-8b81-f385465d2961","Üst Beden Drapeli Tek Omuz Şifon Uzun Elbise","<table>
  <tbody>
    <tr>
      <th>Beden</th>
      <th>Göğüs</th>
      <th>Bel</th>
      <th>Basen</th>
    </tr>
    <tr data-size=""38""><td>38</td><td>82</td><td>70</td><td>-</td></tr>
    <tr data-size=""40""><td>40</td><td>86</td><td>72</td><td>-</td></tr>
    <tr data-size=""42""><td>42</td><td>90</td><td>74</td><td>-</td></tr>
  </tbody>
</table>","Uzun Abiye;Tek Omuz Askılı Abiye;Yırtmaçlı Abiye","Şifon & Tül Abiye"
"60d1370d-ee4e-4b0a-800e-4e8f9ab967f7","Taşlı Fiyonk Detaylı Balık Kalıplı Krep Kumaş Uzun Elbise","<table>
  <tbody>
    <tr>
      <th>Beden</th>
      <th>Göğüs</th>
      <th>Bel</th>
      <th>Basen</th>
    </tr>
    <tr data-size=""36""><td>36</td><td>82</td><td>68</td><td>84</td></tr>
    <tr data-size=""38""><td>38</td><td>86</td><td>72</td><td>90</td></tr>
    <tr data-size=""40""><td>40</td><td>90</td><td>76</td><td>96</td></tr>
    <tr data-size=""42""><td>42</td><td>94</td><td>80</td><td>102</td></tr>
  </tbody>
</table>","Uzun Abiye;Straplez Abiye;Balık Abiye","Krep Abiye"
"615f7145-6fdd-4881-aeff-65e5487c4e9e","Boncuk İşlemeli Seyyar Dantel Kollu Uzun Elbise","<table>
  <tbody>
    <tr>
      <th>Beden</th>
      <th>Göğüs</th>
      <th>Bel</th>
      <th>Basen</th>
    </tr>
    <tr data-size=""38""><td>38</td><td>80</td><td>70</td><td>92</td></tr>
    <tr data-size=""40""><td>40</td><td>84</td><td>72</td><td>96</td></tr>
    <tr data-size=""42""><td>42</td><td>88</td><td>74</td><td>100</td></tr>
  </tbody>
</table>",,
"640b28e8-ed3c-4b66-be10-0ac98a9981ef","Halter Yakalı Sırt Dekolteli Zincir Detaylı Uzun Elbise","<table>
  <tbody>
    <tr>
      <th>Beden</th>
      <th>Göğüs</th>
      <th>Bel</th>
      <th>Basen</th>
    </tr>
    <tr data-size=""38""><td>38</td><td>76</td><td>66</td><td>-</td></tr>
    <tr data-size=""40""><td>40</td><td>80</td><td>70</td><td>-</td></tr>
    <tr data-size=""42""><td>42</td><td>86</td><td>72</td><td>-</td></tr>
  </tbody>
</table>",,
"64259081-74f4-4b39-9c52-692e056605a0","Taş İşlemeli Siyah Büstiyer ve Belden Dolamalı Seyyar İp Askılı Elbise","<table>
  <tbody>
    <tr>
      <th>Beden</th>
      <th>Göğüs</th>
      <th>Bel</th>
      <th>Basen</th>
    </tr>
    <tr data-size=""36""><td>36</td><td>80</td><td>64</td><td>82</td></tr>
    <tr data-size=""38""><td>38</td><td>82</td><td>66</td><td>84</td></tr>
    <tr data-size=""40""><td>40</td><td>84</td><td>68</td><td>86</td></tr>
  </tbody>
</table>","Uzun Abiye;Straplez Abiye;Yırtmaçlı Abiye","Krep Abiye"
"647787c8-9bfb-4b5d-850b-fd0b30225314","Roba ve Lez Dantel Kol Detaylı Uzun Elbise","<table>
  <tbody>
    <tr>
      <th>Beden</th>
      <th>Göğüs</th>
      <th>Bel</th>
      <th>Basen</th>
    </tr>
    <tr data-size=""36""><td>36</td><td>84</td><td>76</td><td>-</td></tr>
    <tr data-size=""38""><td>38</td><td>88</td><td>80</td><td>-</td></tr>
    <tr data-size=""40""><td>40</td><td>92</td><td>84</td><td>-</td></tr>
    <tr data-size=""42""><td>42</td><td>96</td><td>88</td><td>-</td></tr>
  </tbody>
</table>","Uzun Abiye","Dantel Abiye;Krep Abiye"
"66a99750-2217-4ec1-90dd-8004800def4a","Dantel Yakalı Belden Tokalı Robaye Kollu Uzun Kollu Midi Elbise","<table>
  <tbody>
    <tr>
      <th>Beden</th>
      <th>Göğüs</th>
      <th>Bel</th>
      <th>Basen</th>
    </tr>
    <tr data-size=""36""><td>36</td><td>88</td><td>76</td><td>96</td></tr>
    <tr data-size=""38""><td>38</td><td>90</td><td>80</td><td>98</td></tr>
    <tr data-size=""40""><td>40</td><td>92</td><td>84</td><td>100</td></tr>
    <tr data-size=""42""><td>42</td><td>94</td><td>88</td><td>102</td></tr>
  </tbody>
</table>",,
"679edd3d-77f4-4dda-9140-27b6fe9a87c5","Drapeli Straplez Tül Uzun Elbise","<table>
  <tbody>
    <tr>
      <th>Beden</th>
      <th>Göğüs</th>
      <th>Bel</th>
      <th>Basen</th>
    </tr>
    <tr data-size=""38""><td>38</td><td>78</td><td>62</td><td>-</td></tr>
    <tr data-size=""40""><td>40</td><td>84</td><td>68</td><td>-</td></tr>
    <tr data-size=""42""><td>42</td><td>90</td><td>74</td><td>-</td></tr>
    <tr data-size=""44""><td>44</td><td>96</td><td>80</td><td>-</td></tr>
    <tr data-size=""46""><td>46</td><td>102</td><td>86</td><td>-</td></tr>
  </tbody>
</table>",,
"67c756e4-2d95-44e5-b42b-ac0349e3d0d6","Sırt Dekolteli Yuvarlak Yaka Kalın Askılı Balon Etekli Tafta Mini Elbise","<table>
  <tbody>
    <tr>
      <th>Beden</th>
      <th>Göğüs</th>
      <th>Bel</th>
      <th>Basen</th>
    </tr>
    <tr data-size=""36""><td>36</td><td>78</td><td>66</td><td>-</td></tr>
    <tr data-size=""38""><td>38</td><td>80</td><td>70</td><td>-</td></tr>
    <tr data-size=""40""><td>40</td><td>82</td><td>74</td><td>-</td></tr>
  </tbody>
</table>","Mini Abiye","Tafta Abiye"
"687d39db-ab39-4049-ae6e-1dc32c98b3c9","Tül Üzerine İşlemeli Uzun Kollu Hakim Yaka Uzun Elbise","<table>
  <tbody>
    <tr>
      <th>Beden</th>
      <th>Göğüs</th>
      <th>Bel</th>
      <th>Basen</th>
    </tr>
    <tr data-size=""38""><td>38</td><td>92</td><td>80</td><td>92</td></tr>
    <tr data-size=""40""><td>40</td><td>96</td><td>82</td><td>98</td></tr>
    <tr data-size=""42""><td>42</td><td>100</td><td>84</td><td>104</td></tr>
    <tr data-size=""44""><td>44</td><td>104</td><td>86</td><td>110</td></tr>
    <tr data-size=""46""><td>46</td><td>108</td><td>88</td><td>116</td></tr>
  </tbody>
</table>","Tesettür Abiye;Uzun Abiye","Şifon & Tül Abiye"
"6ab67c8d-55b6-4ec8-8364-366f81508faf","Degaje Yakalı Boncuk İşlemeli Uzun Büyük Beden Elbise","<table>
  <tbody>
    <tr>
      <th>Beden</th>
      <th>Göğüs</th>
      <th>Bel</th>
      <th>Basen</th>
    </tr>
    <tr data-size=""42""><td>42</td><td>92</td><td>88</td><td>-</td></tr>
    <tr data-size=""44""><td>44</td><td>98</td><td>94</td><td>-</td></tr>
    <tr data-size=""46""><td>46</td><td>104</td><td>100</td><td>-</td></tr>
  </tbody>
</table>",,
"6b0b0044-d6a6-4c09-b3ff-7cae667453b9","Vual Kumaş Üzerine Şeffaf Payet İşlemeli Uzun Elbise","<table>
  <tbody>
    <tr>
      <th>Beden</th>
      <th>Göğüs</th>
      <th>Bel</th>
      <th>Basen</th>
    </tr>
    <tr data-size=""36""><td>36</td><td>76</td><td>68</td><td>92</td></tr>
    <tr data-size=""38""><td>38</td><td>80</td><td>72</td><td>96</td></tr>
    <tr data-size=""40""><td>40</td><td>84</td><td>76</td><td>100</td></tr>
    <tr data-size=""42""><td>42</td><td>88</td><td>80</td><td>104</td></tr>
  </tbody>
</table>","Uzun Abiye;Straplez Abiye;Yırtmaçlı Abiye","Payetli Abiye"
"6d700098-5d30-48e3-8d4c-3d7d32909014","Düşük Kollu Krep Kumaş Straplez Uzun Elbise","<table>
  <tbody>
    <tr>
      <th>Beden</th>
      <th>Göğüs</th>
      <th>Bel</th>
      <th>Basen</th>
    </tr>
    <tr data-size=""38""><td>38</td><td>80</td><td>70</td><td>92</td></tr>
    <tr data-size=""40""><td>40</td><td>86</td><td>76</td><td>98</td></tr>
    <tr data-size=""42""><td>42</td><td>92</td><td>82</td><td>104</td></tr>
    <tr data-size=""44""><td>44</td><td>98</td><td>88</td><td>110</td></tr>
    <tr data-size=""46""><td>46</td><td>104</td><td>94</td><td>116</td></tr>
  </tbody>
</table>",,
"6ed63287-e6b5-4201-8b23-4ca92b3d920b","Fiyonk Detaylı Taşlı Uzun Elbise","<table>
  <tbody>
    <tr>
      <th>Beden</th>
      <th>Göğüs</th>
      <th>Bel</th>
      <th>Basen</th>
    </tr>
    <tr data-size=""38""><td>38</td><td>80</td><td>70</td><td>84</td></tr>
    <tr data-size=""40""><td>40</td><td>86</td><td>74</td><td>88</td></tr>
    <tr data-size=""42""><td>42</td><td>92</td><td>78</td><td>90</td></tr>
  </tbody>
</table>",,
"6f11e004-8caa-4cdf-8b0e-4b3ccd97ff46","Devrik Prenses Yaka İşlemeli Midi Elbise","<table>
  <tbody>
    <tr>
      <th>Beden</th>
      <th>Göğüs</th>
      <th>Bel</th>
      <th>Basen</th>
    </tr>
    <tr data-size=""38""><td>38</td><td>82</td><td>72</td><td>92</td></tr>
    <tr data-size=""40""><td>40</td><td>86</td><td>76</td><td>98</td></tr>
    <tr data-size=""42""><td>42</td><td>90</td><td>80</td><td>104</td></tr>
  </tbody>
</table>",,
"70670483-bc61-4bd2-8141-7c49614275a4","Yaprak Detaylı Krep Kumaş Straplez Mini Elbise","<table>
  <tbody>
    <tr>
      <th>Beden</th>
      <th>Göğüs</th>
      <th>Bel</th>
      <th>Basen</th>
    </tr>
    <tr data-size=""36""><td>36</td><td>82</td><td>76</td><td>-</td></tr>
    <tr data-size=""38""><td>38</td><td>86</td><td>80</td><td>-</td></tr>
    <tr data-size=""40""><td>40</td><td>90</td><td>84</td><td>-</td></tr>
    <tr data-size=""42""><td>42</td><td>94</td><td>88</td><td>-</td></tr>
  </tbody>
</table>","Mini Abiye;Askılı Abiye","Krep Abiye"
"71632939-b3fc-4791-ba0f-f40d2d29f2fa","Renkli İşlemeli Hakim Yaka Uzun Elbise","<table>
  <tbody>
    <tr>
      <th>Beden</th>
      <th>Göğüs</th>
      <th>Bel</th>
      <th>Basen</th>
    </tr>
    <tr data-size=""36""><td>36</td><td>82</td><td>72</td><td>-</td></tr>
    <tr data-size=""38""><td>38</td><td>86</td><td>76</td><td>-</td></tr>
    <tr data-size=""40""><td>40</td><td>90</td><td>80</td><td>-</td></tr>
    <tr data-size=""42""><td>42</td><td>94</td><td>84</td><td>-</td></tr>
  </tbody>
</table>","Tesettür Abiye;Uzun Abiye","Krep Abiye"
"73e59f61-fc8f-4953-92a3-d833c3d1627e","Lez Dantel Degaje Yaka Kuyruklu Uzun Elbise","<table>
  <tbody>
    <tr>
      <th>Beden</th>
      <th>Göğüs</th>
      <th>Bel</th>
      <th>Basen</th>
    </tr>
    <tr data-size=""38""><td>38</td><td>80</td><td>70</td><td>82</td></tr>
    <tr data-size=""40""><td>40</td><td>84</td><td>74</td><td>88</td></tr>
    <tr data-size=""42""><td>42</td><td>88</td><td>78</td><td>94</td></tr>
  </tbody>
</table>",,
"747b83df-8114-48db-a09e-18b6b7c4ea6e","Çapraz Straplez Yaka Yırtmaçlı Uzun Elbise","<table>
  <tbody>
    <tr>
      <th>Beden</th>
      <th>Göğüs</th>
      <th>Bel</th>
      <th>Basen</th>
    </tr>
    <tr data-size=""38""><td>38</td><td>80</td><td>74</td><td>90</td></tr>
    <tr data-size=""40""><td>40</td><td>84</td><td>80</td><td>94</td></tr>
    <tr data-size=""42""><td>42</td><td>88</td><td>86</td><td>98</td></tr>
  </tbody>
</table>","Uzun Abiye;Straplez Abiye;Yırtmaçlı Abiye","Krep Abiye"
"74c4d6a1-ba76-46a7-ac9a-51385cb045d9","Pilise Volan Detaylı Uzun Kollu Yuvarlak Yaka Uzun Elbise","<table>
  <tbody>
    <tr>
      <th>Beden</th>
      <th>Göğüs</th>
      <th>Bel</th>
      <th>Basen</th>
    </tr>
    <tr data-size=""38""><td>38</td><td>84</td><td>70</td><td>-</td></tr>
    <tr data-size=""40""><td>40</td><td>88</td><td>74</td><td>-</td></tr>
    <tr data-size=""42""><td>42</td><td>92</td><td>78</td><td>-</td></tr>
    <tr data-size=""44""><td>44</td><td>96</td><td>82</td><td>-</td></tr>
    <tr data-size=""46""><td>46</td><td>100</td><td>86</td><td>-</td></tr>
  </tbody>
</table>","Tesettür Abiye;Uzun Abiye","Şifon & Tül Abiye"
"771f793f-8aa8-4c1e-92b6-e82bbcfe8d66","Çiçek İşleme Detaylı Hakim Yaka Uzun Elbise","<table>
  <tbody>
    <tr>
      <th>Beden</th>
      <th>Göğüs</th>
      <th>Bel</th>
      <th>Basen</th>
    </tr>
    <tr data-size=""36""><td>36</td><td>82</td><td>72</td><td>-</td></tr>
    <tr data-size=""38""><td>38</td><td>86</td><td>76</td><td>-</td></tr>
    <tr data-size=""40""><td>40</td><td>90</td><td>80</td><td>-</td></tr>
    <tr data-size=""42""><td>42</td><td>94</td><td>84</td><td>-</td></tr>
  </tbody>
</table>","Tesettür Abiye;Uzun Abiye","Krep Abiye"
"78bb619e-c0d6-4c2d-ac62-c6952bbd3edf","Örgü Drape Detaylı Yırtmaçlı Straplez Uzun Elbise","<table>
  <tbody>
    <tr>
      <th>Beden</th>
      <th>Göğüs</th>
      <th>Bel</th>
      <th>Basen</th>
    </tr>
    <tr data-size=""38""><td>38</td><td>74</td><td>70</td><td>-</td></tr>
    <tr data-size=""40""><td>40</td><td>78</td><td>76</td><td>-</td></tr>
    <tr data-size=""42""><td>42</td><td>82</td><td>80</td><td>-</td></tr>
  </tbody>
</table>","Uzun Abiye;Straplez Abiye;Yırtmaçlı Abiye","Şifon & Tül Abiye"
"78e106a8-6767-4d0e-af54-a8c9db6b273d","Gepiyerli İp Askılı Simli Tül Mini Elbise","<table>
  <tbody>
    <tr>
      <th>Beden</th>
      <th>Göğüs</th>
      <th>Bel</th>
      <th>Basen</th>
    </tr>
    <tr data-size=""36""><td>36</td><td>76</td><td>66</td><td>-</td></tr>
    <tr data-size=""38""><td>38</td><td>82</td><td>72</td><td>-</td></tr>
    <tr data-size=""40""><td>40</td><td>88</td><td>78</td><td>-</td></tr>
    <tr data-size=""42""><td>42</td><td>94</td><td>84</td><td>-</td></tr>
  </tbody>
</table>",,
"7d651491-c213-42b3-bcc8-ca8b6a56fa8b","Tek Omuzlu Toka Detaylı Krep Kumaş Uzun Elbise","<table>
  <tbody>
    <tr>
      <th>Beden</th>
      <th>Göğüs</th>
      <th>Bel</th>
      <th>Basen</th>
    </tr>
    <tr data-size=""38""><td>38</td><td>76</td><td>62</td><td>-</td></tr>
    <tr data-size=""40""><td>40</td><td>80</td><td>66</td><td>-</td></tr>
    <tr data-size=""42""><td>42</td><td>84</td><td>70</td><td>-</td></tr>
  </tbody>
</table>","Uzun Abiye;Tek Omuz Askılı Abiye;Yırtmaçlı Abiye","Krep Abiye"
"7da4ba62-d10e-4ac2-ad06-a329da79c30d","Gül Detaylı Midi Elbise","<table>
  <tbody>
    <tr>
      <th>Beden</th>
      <th>Göğüs</th>
      <th>Bel</th>
      <th>Basen</th>
    </tr>
    <tr data-size=""38""><td>38</td><td>86</td><td>72</td><td>90</td></tr>
    <tr data-size=""40""><td>40</td><td>88</td><td>78</td><td>96</td></tr>
    <tr data-size=""42""><td>42</td><td>90</td><td>84</td><td>102</td></tr>
  </tbody>
</table>",,
"7f0d24d5-dc04-4f17-9451-11e340db62e5","Sandy Kumaş İp Askılı Gold Toka Detaylı Yırtmaçlı Uzun Elbise","<table>
  <tbody>
    <tr>
      <th>Beden</th>
      <th>Göğüs</th>
      <th>Bel</th>
      <th>Basen</th>
    </tr>
    <tr data-size=""36""><td>36</td><td>72</td><td>62</td><td>-</td></tr>
    <tr data-size=""38""><td>38</td><td>76</td><td>66</td><td>-</td></tr>
    <tr data-size=""40""><td>40</td><td>80</td><td>70</td><td>-</td></tr>
  </tbody>
</table>","Uzun Abiye;Askılı Abiye;Yırtmaçlı Abiye","Sandy Abiye"
"80144b1c-055c-439d-bedb-7e35e6d55e6d","Çiçek Detaylı Organze Kumaş Midi Elbise","<table>
  <tbody>
    <tr>
      <th>Beden</th>
      <th>Göğüs</th>
      <th>Bel</th>
      <th>Basen</th>
    </tr>
    <tr data-size=""38""><td>38</td><td>78</td><td>70</td><td>-</td></tr>
    <tr data-size=""40""><td>40</td><td>82</td><td>74</td><td>-</td></tr>
    <tr data-size=""42""><td>42</td><td>86</td><td>80</td><td>-</td></tr>
  </tbody>
</table>","Midi Abiye;Straplez Abiye","Tafta Abiye"
"82811ae7-46b0-41e2-9e02-64a7fb1f8a84","Drapeli Tül Straplez Uzun Elbise","<table>
  <tbody>
    <tr>
      <th>Beden</th>
      <th>Göğüs</th>
      <th>Bel</th>
      <th>Basen</th>
    </tr>
    <tr data-size=""38""><td>38</td><td>76</td><td>66</td><td>-</td></tr>
    <tr data-size=""40""><td>40</td><td>80</td><td>70</td><td>-</td></tr>
    <tr data-size=""42""><td>42</td><td>86</td><td>72</td><td>-</td></tr>
  </tbody>
</table>",,
"854c627e-2c49-41f6-94ec-54f74e845c6a","Çiçek İşlemeli Saten Straplez Uzun Elbise","<table>
  <tbody>
    <tr>
      <th>Beden</th>
      <th>Göğüs</th>
      <th>Bel</th>
      <th>Basen</th>
    </tr>
    <tr data-size=""38""><td>38</td><td>86</td><td>70</td><td>-</td></tr>
    <tr data-size=""40""><td>40</td><td>88</td><td>76</td><td>-</td></tr>
    <tr data-size=""42""><td>42</td><td>90</td><td>82</td><td>-</td></tr>
  </tbody>
</table>","Uzun Abiye;Straplez Abiye","Saten Abiye;Şifon & Tül Abiye"
"89527128-8bf5-4a32-85ff-13f32d1bf14e","Kayık Yaka Tek Omzunda Çiçek Detaylı Ön Beden Kapaklı Saten Elbise","<table>
  <tbody>
    <tr>
      <th>Beden</th>
      <th>Göğüs</th>
      <th>Bel</th>
      <th>Basen</th>
    </tr>
    <tr data-size=""38""><td>38</td><td>84</td><td>70</td><td>94</td></tr>
    <tr data-size=""40""><td>40</td><td>88</td><td>74</td><td>98</td></tr>
    <tr data-size=""42""><td>42</td><td>92</td><td>78</td><td>102</td></tr>
  </tbody>
</table>",,
"8e33853a-f703-43c3-9814-84882e6026d2","Drape Detaylı Seyyar Pelerinli Yuvarlak Yaka Uzun Kollu Uzun Elbise","<table>
  <tbody>
    <tr>
      <th>Beden</th>
      <th>Göğüs</th>
      <th>Bel</th>
      <th>Basen</th>
    </tr>
    <tr data-size=""38""><td>38</td><td>90</td><td>72</td><td>-</td></tr>
    <tr data-size=""40""><td>40</td><td>96</td><td>78</td><td>-</td></tr>
    <tr data-size=""42""><td>42</td><td>102</td><td>84</td><td>-</td></tr>
    <tr data-size=""44""><td>44</td><td>108</td><td>90</td><td>-</td></tr>
  </tbody>
</table>",,
"8f7e70b9-3a4f-4700-971d-f85f9baf877d","Dantel Detaylı Kayık Yaka Düşük Kollu Uzun Elbise","<table>
  <tbody>
    <tr>
      <th>Beden</th>
      <th>Göğüs</th>
      <th>Bel</th>
      <th>Basen</th>
    </tr>
    <tr data-size=""36""><td>36</td><td>84</td><td>74</td><td>-</td></tr>
    <tr data-size=""38""><td>38</td><td>88</td><td>78</td><td>-</td></tr>
    <tr data-size=""40""><td>40</td><td>92</td><td>82</td><td>-</td></tr>
    <tr data-size=""42""><td>42</td><td>96</td><td>86</td><td>-</td></tr>
  </tbody>
</table>",,
"8fc90f78-14df-4544-a4c6-0d17e8134f0a","Simli Tafta Kumaş Volan Kollu Taşlı Kemerli V Yaka Midi Elbise","<table>
  <tbody>
    <tr>
      <th>Beden</th>
      <th>Göğüs</th>
      <th>Bel</th>
      <th>Basen</th>
    </tr>
    <tr data-size=""36""><td>36</td><td>82</td><td>66</td><td>-</td></tr>
    <tr data-size=""38""><td>38</td><td>86</td><td>70</td><td>-</td></tr>
    <tr data-size=""40""><td>40</td><td>90</td><td>74</td><td>-</td></tr>
    <tr data-size=""42""><td>42</td><td>94</td><td>78</td><td>-</td></tr>
  </tbody>
</table>","Midi Abiye","Tafta Abiye"
"8ff1e51f-74c0-4454-a26a-ba414955bbb6","Tek Omuzlu Tek Taraf Bel Dekolteli Uzun Elbise","<table>
  <tbody>
    <tr>
      <th>Beden</th>
      <th>Göğüs</th>
      <th>Bel</th>
      <th>Basen</th>
    </tr>
    <tr data-size=""38""><td>38</td><td>86</td><td>68</td><td>-</td></tr>
    <tr data-size=""40""><td>40</td><td>90</td><td>72</td><td>-</td></tr>
    <tr data-size=""42""><td>42</td><td>94</td><td>76</td><td>-</td></tr>
  </tbody>
</table>","Uzun Abiye;Tek Omuz Askılı Abiye;Yırtmaçlı Abiye","Saten Abiye"
"90b59ed8-6ad2-446a-8ea6-d6d2488171f7","Parlak Bürümcük Şifon Detaylı Uzun Kollu Uzun Elbise","<table>
  <tbody>
    <tr>
      <th>Beden</th>
      <th>Göğüs</th>
      <th>Bel</th>
      <th>Basen</th>
    </tr>
    <tr data-size=""38""><td>38</td><td>82</td><td>74</td><td>-</td></tr>
    <tr data-size=""40""><td>40</td><td>86</td><td>78</td><td>-</td></tr>
    <tr data-size=""42""><td>42</td><td>90</td><td>82</td><td>-</td></tr>
    <tr data-size=""44""><td>44</td><td>94</td><td>86</td><td>-</td></tr>
    <tr data-size=""46""><td>46</td><td>98</td><td>90</td><td>-</td></tr>
  </tbody>
</table>",,
"920e6a13-1b8c-40df-ba09-daff5e69165c","Boncuk İşlemeli Fiyonk Detaylı Straplez Midi Elbise","<table>
  <tbody>
    <tr>
      <th>Beden</th>
      <th>Göğüs</th>
      <th>Bel</th>
      <th>Basen</th>
    </tr>
    <tr data-size=""36""><td>36</td><td>82</td><td>66</td><td>84</td></tr>
    <tr data-size=""38""><td>38</td><td>84</td><td>70</td><td>88</td></tr>
    <tr data-size=""40""><td>40</td><td>86</td><td>74</td><td>92</td></tr>
    <tr data-size=""42""><td>42</td><td>88</td><td>78</td><td>96</td></tr>
  </tbody>
</table>",,
"93595de4-de13-4d03-b1b0-fa6788ab7351","Gepiyerli Sim Kordon Detaylı Straplez Uzun Elbise","<table>
  <tbody>
    <tr>
      <th>Beden</th>
      <th>Göğüs</th>
      <th>Bel</th>
      <th>Basen</th>
    </tr>
    <tr data-size=""38""><td>38</td><td>86</td><td>68</td><td>-</td></tr>
    <tr data-size=""40""><td>40</td><td>90</td><td>72</td><td>-</td></tr>
    <tr data-size=""42""><td>42</td><td>94</td><td>78</td><td>-</td></tr>
    <tr data-size=""44""><td>44</td><td>94</td><td>78</td><td>-</td></tr>
    <tr data-size=""46""><td>46</td><td>98</td><td>84</td><td>-</td></tr>
    <tr data-size=""48""><td>48</td><td>102</td><td>90</td><td>-</td></tr>
  </tbody>
</table>",,
"93c36fc5-f0ed-4c99-ba96-6cf3bcc78756","Boncuk İşlemeli Straplez Uzun Elbise","<table>
  <tbody>
    <tr>
      <th>Beden</th>
      <th>Göğüs</th>
      <th>Bel</th>
      <th>Basen</th>
    </tr>
    <tr data-size=""38""><td>38</td><td>78</td><td>64</td><td>90</td></tr>
    <tr data-size=""40""><td>40</td><td>82</td><td>70</td><td>92</td></tr>
    <tr data-size=""42""><td>42</td><td>86</td><td>76</td><td>94</td></tr>
  </tbody>
</table>",,
"93feb4b8-b76d-4eff-9f8b-2a517a2adef6","Tül Üzerine İşlemeli Boyundan Bağlamalı Straplez Elbise","<table>
  <tbody>
    <tr>
      <th>Beden</th>
      <th>Göğüs</th>
      <th>Bel</th>
      <th>Basen</th>
    </tr>
    <tr data-size=""36""><td>36</td><td>90</td><td>68</td><td>82</td></tr>
    <tr data-size=""38""><td>38</td><td>92</td><td>72</td><td>88</td></tr>
    <tr data-size=""40""><td>40</td><td>94</td><td>76</td><td>94</td></tr>
    <tr data-size=""42""><td>42</td><td>96</td><td>80</td><td>100</td></tr>
  </tbody>
</table>","Uzun Abiye;Yırtmaçlı Abiye","Şifon & Tül Abiye;Krep Abiye"
"9407a047-cc94-4fd6-957d-2fd21e89822e","Omuz Dekolteli Hakim Yaka Midi Elbise","<table>
  <tbody>
    <tr>
      <th>Beden</th>
      <th>Göğüs</th>
      <th>Bel</th>
      <th>Basen</th>
    </tr>
    <tr data-size=""36""><td>36</td><td>86</td><td>70</td><td>92</td></tr>
    <tr data-size=""38""><td>38</td><td>90</td><td>74</td><td>96</td></tr>
    <tr data-size=""40""><td>40</td><td>94</td><td>78</td><td>100</td></tr>
    <tr data-size=""42""><td>42</td><td>98</td><td>82</td><td>104</td></tr>
  </tbody>
</table>",,
"96f490ca-8db2-4c1e-aaca-5a321d8adc1b","Taş Detaylı Mat Saten Midi Elbise","<table>
  <tbody>
    <tr>
      <th>Beden</th>
      <th>Göğüs</th>
      <th>Bel</th>
      <th>Basen</th>
    </tr>
    <tr data-size=""38""><td>38</td><td>82</td><td>72</td><td>96</td></tr>
    <tr data-size=""40""><td>40</td><td>88</td><td>74</td><td>100</td></tr>
    <tr data-size=""42""><td>42</td><td>94</td><td>76</td><td>104</td></tr>
  </tbody>
</table>","Midi Abiye;Yırtmaçlı Abiye","Saten Abiye"
"97119ab2-fefd-4727-9e9f-88df090dee06","İnci İşlemeli Korseli Straplez Uzun Elbise","<table>
  <tbody>
    <tr>
      <th>Beden</th>
      <th>Göğüs</th>
      <th>Bel</th>
      <th>Basen</th>
    </tr>
    <tr data-size=""38""><td>38</td><td>78</td><td>72</td><td>80</td></tr>
    <tr data-size=""40""><td>40</td><td>82</td><td>76</td><td>86</td></tr>
    <tr data-size=""42""><td>42</td><td>86</td><td>80</td><td>92</td></tr>
  </tbody>
</table>","Uzun Abiye;Straplez Abiye","Şifon & Tül Abiye;Krep Abiye"
"99d4fdf8-5f19-4e7b-958c-3d0bf33b8ab9","Arka Beden Çapraz Bağlamalı İşlemeli Uzun Elbise","<table>
  <tbody>
    <tr>
      <th>Beden</th>
      <th>Göğüs</th>
      <th>Bel</th>
      <th>Basen</th>
    </tr>
    <tr data-size=""38""><td>38</td><td>94</td><td>84</td><td>94</td></tr>
    <tr data-size=""40""><td>40</td><td>98</td><td>86</td><td>98</td></tr>
    <tr data-size=""42""><td>42</td><td>102</td><td>88</td><td>102</td></tr>
    <tr data-size=""44""><td>44</td><td>106</td><td>90</td><td>106</td></tr>
  </tbody>
</table>",,
"9a122d88-6422-4cdf-94fb-6414f848bc02","Prenses Yaka Midi Elbise","<table>
  <tbody>
    <tr>
      <th>Beden</th>
      <th>Göğüs</th>
      <th>Bel</th>
      <th>Basen</th>
    </tr>
    <tr data-size=""38""><td>38</td><td>82</td><td>70</td><td>-</td></tr>
    <tr data-size=""40""><td>40</td><td>86</td><td>74</td><td>-</td></tr>
    <tr data-size=""42""><td>42</td><td>90</td><td>78</td><td>-</td></tr>
  </tbody>
</table>","Midi Abiye;Straplez Abiye","Saten Abiye"
"9b10d984-9240-4eb2-a3e8-e9687e78b644","Komple Payet İşlemeli Kayık Yaka 3 Boyutlu Çiçek Detaylı Uzun Elbise",,,
"9d43f99a-fb34-44c8-9288-4d428919c4ad","Degaje Yaka Üst Beden İşlemeli Uzun Büyük Beden Elbise","<table>
  <tbody>
    <tr>
      <th>Beden</th>
      <th>Göğüs</th>
      <th>Bel</th>
      <th>Basen</th>
    </tr>
    <tr data-size=""44""><td>44</td><td>94</td><td>82</td><td>98</td></tr>
    <tr data-size=""46""><td>46</td><td>100</td><td>86</td><td>102</td></tr>
    <tr data-size=""48""><td>48</td><td>106</td><td>90</td><td>106</td></tr>
  </tbody>
</table>",,
"a1e756b2-27db-4ce4-ae7f-e3da7edf1d38","Boncuk İşlemeli Bel Transparan Detaylı Saten Uzun Elbise","<table>
  <tbody>
    <tr>
      <th>Beden</th>
      <th>Göğüs</th>
      <th>Bel</th>
      <th>Basen</th>
    </tr>
    <tr data-size=""38""><td>38</td><td>84</td><td>70</td><td>94</td></tr>
    <tr data-size=""40""><td>40</td><td>88</td><td>72</td><td>96</td></tr>
    <tr data-size=""42""><td>42</td><td>92</td><td>74</td><td>98</td></tr>
  </tbody>
</table>",,
"a1e9eb2b-a50b-46c7-a21f-ffcb66eef12b","Payet İşlemeli Straplez Uzun Büyük Beden Elbise","<table>
  <tbody>
    <tr>
      <th>Beden</th>
      <th>Göğüs</th>
      <th>Bel</th>
      <th>Basen</th>
    </tr>
    <tr data-size=""44""><td>44</td><td>94</td><td>80</td><td>100</td></tr>
    <tr data-size=""46""><td>46</td><td>100</td><td>86</td><td>106</td></tr>
    <tr data-size=""48""><td>48</td><td>106</td><td>92</td><td>112</td></tr>
  </tbody>
</table>",,
"a5a79393-9c83-4548-a4da-28ea6a6e41f3","Büzgülü İnci İşlemeli Straplez Uzun Elbise","<table>
  <tbody>
    <tr>
      <th>Beden</th>
      <th>Göğüs</th>
      <th>Bel</th>
      <th>Basen</th>
    </tr>
    <tr data-size=""38""><td>38</td><td>86</td><td>74</td><td>94</td></tr>
    <tr data-size=""40""><td>40</td><td>88</td><td>80</td><td>96</td></tr>
    <tr data-size=""42""><td>42</td><td>90</td><td>84</td><td>100</td></tr>
  </tbody>
</table>",,
"a8ddf329-cd09-4e0a-8eef-7fe725346bcb","Gepiyerli Straplez Kalp Yaka Yırtmaçlı Cepli Tafta Kumaş Uzun Elbise","<table>
  <tbody>
    <tr>
      <th>Beden</th>
      <th>Göğüs</th>
      <th>Bel</th>
      <th>Basen</th>
    </tr>
    <tr data-size=""36""><td>36</td><td>78</td><td>68</td><td>-</td></tr>
    <tr data-size=""38""><td>38</td><td>84</td><td>70</td><td>-</td></tr>
  </tbody>
</table>",,
"a9138016-d3b2-44c2-8f13-8cd996983af1","Payetli Transparan Bel Detaylı Balık Kalıp Uzun Elbise","<table>
  <tbody>
    <tr>
      <th>Beden</th>
      <th>Göğüs</th>
      <th>Bel</th>
      <th>Basen</th>
    </tr>
    <tr data-size=""36""><td>36</td><td>72</td><td>64</td><td>78</td></tr>
    <tr data-size=""38""><td>38</td><td>78</td><td>66</td><td>80</td></tr>
    <tr data-size=""40""><td>40</td><td>84</td><td>68</td><td>82</td></tr>
    <tr data-size=""42""><td>42</td><td>90</td><td>70</td><td>84</td></tr>
  </tbody>
</table>",,
"acd5f8ac-0539-44f9-baa0-f68bf80c9020","Truvakar Kollu Baskı Düğme Detaylı Uzun Elbise","<table>
  <tbody>
    <tr>
      <th>Beden</th>
      <th>Göğüs</th>
      <th>Bel</th>
      <th>Basen</th>
    </tr>
    <tr data-size=""40""><td>40</td><td>88</td><td>72</td><td>-</td></tr>
    <tr data-size=""42""><td>42</td><td>94</td><td>78</td><td>-</td></tr>
    <tr data-size=""44""><td>44</td><td>100</td><td>82</td><td>-</td></tr>
    <tr data-size=""46""><td>46</td><td>106</td><td>88</td><td>-</td></tr>
  </tbody>
</table>","Büyük Beden Abiye;Uzun Abiye;Yırtmaçlı Abiye","Tafta Abiye"
"af8a5b07-1934-42f8-8003-16ba5886536b","Saten Drapeli Belde Pencere Detaylı Yırtmaçlı Uzun Elbise","<table>
  <tbody>
    <tr>
      <th>Beden</th>
      <th>Göğüs</th>
      <th>Bel</th>
      <th>Basen</th>
    </tr>
    <tr data-size=""36""><td>36</td><td>72</td><td>64</td><td>-</td></tr>
    <tr data-size=""38""><td>38</td><td>74</td><td>68</td><td>-</td></tr>
    <tr data-size=""40""><td>40</td><td>76</td><td>72</td><td>-</td></tr>
  </tbody>
</table>","Uzun Abiye;Straplez Abiye;Yırtmaçlı Abiye","Saten Abiye"
"b19efd86-f9b4-406a-a97a-da541d714e0a","Yakada Boncuk Detaylı Straplez Uzun Elbise","<table>
  <tbody>
    <tr>
      <th>Beden</th>
      <th>Göğüs</th>
      <th>Bel</th>
      <th>Basen</th>
    </tr>
    <tr data-size=""38""><td>38</td><td>76</td><td>68</td><td>-</td></tr>
    <tr data-size=""40""><td>40</td><td>82</td><td>72</td><td>-</td></tr>
    <tr data-size=""42""><td>42</td><td>88</td><td>76</td><td>-</td></tr>
  </tbody>
</table>","Uzun Abiye;Straplez Abiye;Yırtmaçlı Abiye","Krep Abiye"
"b2d7b9ce-ea35-4579-8d87-1c161594f5e0","Gepiyerli Degaje İp Askılı Arkadan Bağlamalı Tafta Midi Elbise","<table>
  <tbody>
    <tr>
      <th>Beden</th>
      <th>Göğüs</th>
      <th>Bel</th>
      <th>Basen</th>
    </tr>
    <tr data-size=""38""><td>38</td><td>74</td><td>60</td><td>-</td></tr>
    <tr data-size=""40""><td>40</td><td>76</td><td>62</td><td>-</td></tr>
    <tr data-size=""42""><td>42</td><td>78</td><td>64</td><td>-</td></tr>
  </tbody>
</table>",,
"b4f359b7-f751-487c-9c5c-c7574f63e75d","Önü Drapeli Şal Detaylı Simli Uzun Elbise","<table>
  <tbody>
    <tr>
      <th>Beden</th>
      <th>Göğüs</th>
      <th>Bel</th>
      <th>Basen</th>
    </tr>
    <tr data-size=""36""><td>36</td><td>74</td><td>66</td><td>-</td></tr>
    <tr data-size=""38""><td>38</td><td>80</td><td>70</td><td>-</td></tr>
    <tr data-size=""40""><td>40</td><td>86</td><td>74</td><td>-</td></tr>
    <tr data-size=""42""><td>42</td><td>90</td><td>78</td><td>-</td></tr>
    <tr data-size=""44""><td>44</td><td>94</td><td>82</td><td>-</td></tr>
    <tr data-size=""46""><td>46</td><td>98</td><td>86</td><td>-</td></tr>
  </tbody>
</table>","Büyük Beden Abiye;Uzun Abiye;Straplez Abiye","Simli Abiye;Likralı Abiye"
"ba0ae54e-8066-45d9-bef9-67511e1e73cd","Yakası Gül Detaylı Halter Yaka Pileli Uzun Büyük Beden Elbise","<table>
  <tbody>
    <tr>
      <th>Beden</th>
      <th>Göğüs</th>
      <th>Bel</th>
      <th>Basen</th>
    </tr>
    <tr data-size=""42""><td>42</td><td>94</td><td>80</td><td>-</td></tr>
    <tr data-size=""44""><td>44</td><td>100</td><td>86</td><td>-</td></tr>
    <tr data-size=""46""><td>46</td><td>106</td><td>92</td><td>-</td></tr>
  </tbody>
</table>","Büyük Beden Abiye;Uzun Abiye","Şifon & Tül Abiye"
"bc6ec341-51d5-48c8-878f-19395774eff6","Volanlı ve Seyyar Broşlu Dantel Detaylı Uzun Elbise","<table>
  <tbody>
    <tr>
      <th>Beden</th>
      <th>Göğüs</th>
      <th>Bel</th>
      <th>Basen</th>
    </tr>
    <tr data-size=""36""><td>36</td><td>86</td><td>76</td><td>-</td></tr>
    <tr data-size=""38""><td>38</td><td>88</td><td>80</td><td>-</td></tr>
    <tr data-size=""40""><td>40</td><td>90</td><td>84</td><td>-</td></tr>
    <tr data-size=""42""><td>42</td><td>92</td><td>88</td><td>-</td></tr>
  </tbody>
</table>","Uzun Abiye","Krep Abiye"
"bce799a7-0612-4028-b2a3-9c6d2f07ebc2","Taş İşlemeli Prenses Yakalı Uzun Elbise","<table>
  <tbody>
    <tr>
      <th>Beden</th>
      <th>Göğüs</th>
      <th>Bel</th>
      <th>Basen</th>
    </tr>
    <tr data-size=""38""><td>38</td><td>84</td><td>72</td><td>94</td></tr>
    <tr data-size=""40""><td>40</td><td>86</td><td>78</td><td>100</td></tr>
    <tr data-size=""42""><td>42</td><td>88</td><td>84</td><td>106</td></tr>
  </tbody>
</table>","Uzun Abiye;Straplez Abiye;Yırtmaçlı Abiye","Krep Abiye"
"bebd359c-4f88-4a3c-8e43-6c783018c9e4","Gümüş Taş Detaylı Sandy Kumaş Uzun Elbise","<table>
  <tbody>
    <tr>
      <th>Beden</th>
      <th>Göğüs</th>
      <th>Bel</th>
      <th>Basen</th>
    </tr>
    <tr data-size=""38""><td>38</td><td>84</td><td>72</td><td>-</td></tr>
    <tr data-size=""40""><td>40</td><td>86</td><td>74</td><td>-</td></tr>
  </tbody>
</table>",,
"c0a96b69-ebec-47db-a9ca-bf426c10aef1","Tül Üzerine İşlemeli Hakim Yaka Uzun Kollu Midi Elbise","<table>
  <tbody>
    <tr>
      <th>Beden</th>
      <th>Göğüs</th>
      <th>Bel</th>
      <th>Basen</th>
    </tr>
    <tr data-size=""38""><td>38</td><td>88</td><td>76</td><td>96</td></tr>
    <tr data-size=""40""><td>40</td><td>94</td><td>78</td><td>102</td></tr>
    <tr data-size=""42""><td>42</td><td>100</td><td>80</td><td>108</td></tr>
    <tr data-size=""44""><td>44</td><td>106</td><td>82</td><td>114</td></tr>
  </tbody>
</table>","Tesettür Abiye;Midi Abiye","Şifon & Tül Abiye"
"c2736e66-ba5c-42d1-838c-68818efe016f","Payet,Taş İşlemeli Korse ve Önü İşlemeli Balık Kalıplı Uzun Etek","<table>
  <tbody>
    <tr>
      <th>Beden</th>
      <th>Göğüs</th>
      <th>Bel</th>
      <th>Basen</th>
    </tr>
    <tr data-size=""36""><td>36</td><td>72</td><td>66</td><td>-</td></tr>
    <tr data-size=""38""><td>38</td><td>76</td><td>70</td><td>-</td></tr>
    <tr data-size=""40""><td>40</td><td>80</td><td>74</td><td>-</td></tr>
    <tr data-size=""42""><td>42</td><td>84</td><td>78</td><td>-</td></tr>
    <tr data-size=""44""><td>44</td><td>88</td><td>82</td><td>-</td></tr>
  </tbody>
</table>",,
"c5209b4b-aa6c-4ab0-a9b5-a883623dabd8","Aplike İşlemeli Hakim Yaka Uzun Elbise","<table>
  <tbody>
    <tr>
      <th>Beden</th>
      <th>Göğüs</th>
      <th>Bel</th>
      <th>Basen</th>
    </tr>
    <tr data-size=""36""><td>36</td><td>82</td><td>72</td><td>-</td></tr>
    <tr data-size=""38""><td>38</td><td>86</td><td>76</td><td>-</td></tr>
    <tr data-size=""40""><td>40</td><td>90</td><td>80</td><td>-</td></tr>
    <tr data-size=""42""><td>42</td><td>94</td><td>84</td><td>-</td></tr>
  </tbody>
</table>",,
"c5bcdfe5-1326-47f6-8b2d-6fbed7061593","Taş İşlemeli Straplez Krep Kumaş Yırtmaçlı Uzun Elbise","<table>
  <tbody>
    <tr>
      <th>Beden</th>
      <th>Göğüs</th>
      <th>Bel</th>
      <th>Basen</th>
    </tr>
    <tr data-size=""36""><td>36</td><td>86</td><td>70</td><td>86</td></tr>
    <tr data-size=""38""><td>38</td><td>90</td><td>74</td><td>92</td></tr>
    <tr data-size=""40""><td>40</td><td>94</td><td>78</td><td>98</td></tr>
    <tr data-size=""42""><td>42</td><td>98</td><td>82</td><td>104</td></tr>
    <tr data-size=""44""><td>44</td><td>102</td><td>86</td><td>110</td></tr>
  </tbody>
</table>","Büyük Beden Abiye;Uzun Abiye;Straplez Abiye;Yırtmaçlı Abiye","Krep Abiye"
"c79bb995-fb2e-4806-8cb4-cc3b1de230f7","Kruvaze Payetli Taş İşleme Detaylı Uzun Büyük Beden Elbise","<table>
  <tbody>
    <tr>
      <th>Beden</th>
      <th>Göğüs</th>
      <th>Bel</th>
      <th>Basen</th>
    </tr>
    <tr data-size=""44""><td>44</td><td>100</td><td>86</td><td>-</td></tr>
    <tr data-size=""46""><td>46</td><td>106</td><td>92</td><td>-</td></tr>
    <tr data-size=""48""><td>48</td><td>112</td><td>98</td><td>-</td></tr>
    <tr data-size=""50""><td>50</td><td>118</td><td>104</td><td>-</td></tr>
  </tbody>
</table>",,
"c84c0536-ca12-4eae-a528-814c72642ea4","Tek Taraf Çiçek Detaylı Pelerinli Uzun Elbise","<table>
  <tbody>
    <tr>
      <th>Beden</th>
      <th>Göğüs</th>
      <th>Bel</th>
      <th>Basen</th>
    </tr>
    <tr data-size=""38""><td>38</td><td>92</td><td>76</td><td>98</td></tr>
    <tr data-size=""40""><td>40</td><td>94</td><td>80</td><td>100</td></tr>
    <tr data-size=""42""><td>42</td><td>98</td><td>84</td><td>102</td></tr>
  </tbody>
</table>","Uzun Abiye","Krep Abiye"
"c88d8701-2818-4c44-9823-6b71b504295e","İnci Detaylı Gepiyerli Saten Kumaş Straplez Mini Elbise","<table>
  <tbody>
    <tr>
      <th>Beden</th>
      <th>Göğüs</th>
      <th>Bel</th>
      <th>Basen</th>
    </tr>
    <tr data-size=""36""><td>36</td><td>80</td><td>66</td><td>-</td></tr>
    <tr data-size=""38""><td>38</td><td>84</td><td>70</td><td>-</td></tr>
    <tr data-size=""40""><td>40</td><td>88</td><td>78</td><td>-</td></tr>
    <tr data-size=""42""><td>42</td><td>92</td><td>82</td><td>-</td></tr>
  </tbody>
</table>","Mini Abiye;Straplez Abiye","Saten Abiye"
"cad92fcf-7f7e-45d7-9795-3ae37f8511a6","Pilise Detaylı Yırtmaçlı Şifon Uzun Elbise","<table>
  <tbody>
    <tr>
      <th>Beden</th>
      <th>Göğüs</th>
      <th>Bel</th>
      <th>Basen</th>
    </tr>
    <tr data-size=""38""><td>38</td><td>72</td><td>68</td><td>-</td></tr>
    <tr data-size=""40""><td>40</td><td>74</td><td>72</td><td>-</td></tr>
    <tr data-size=""42""><td>42</td><td>76</td><td>76</td><td>-</td></tr>
  </tbody>
</table>","Uzun Abiye;Straplez Abiye;Yırtmaçlı Abiye","Şifon & Tül Abiye"
"ccb18d5d-b36a-4968-a776-146322bc2b11","Halter Yaka Kolsuz Simli Likralı Kumaş Uzun Elbise","<table>
  <tbody>
    <tr>
      <th>Beden</th>
      <th>Göğüs</th>
      <th>Bel</th>
      <th>Basen</th>
    </tr>
    <tr data-size=""36""><td>36</td><td>90</td><td>74</td><td>-</td></tr>
    <tr data-size=""38""><td>38</td><td>92</td><td>76</td><td>-</td></tr>
    <tr data-size=""40""><td>40</td><td>94</td><td>78</td><td>-</td></tr>
    <tr data-size=""42""><td>42</td><td>96</td><td>80</td><td>-</td></tr>
  </tbody>
</table>",,
"cdabb1d2-545d-4fc5-8801-525b4172452c","Çiçek İşlemeli Şifon Kumaş Volanlı Midi Elbise","<table>
  <tbody>
    <tr>
      <th>Beden</th>
      <th>Göğüs</th>
      <th>Bel</th>
      <th>Basen</th>
    </tr>
    <tr data-size=""38""><td>38</td><td>90</td><td>76</td><td>96</td></tr>
    <tr data-size=""40""><td>40</td><td>92</td><td>80</td><td>100</td></tr>
    <tr data-size=""44""><td>44</td><td>94</td><td>84</td><td>104</td></tr>
  </tbody>
</table>","Midi Abiye;Askılı Abiye","Şifon & Tül Abiye"
"cec41213-dba9-489b-b9db-0a0051079b1d","Şifon Volanlı Seyyar Çiçek Broşlu Midi Elbise","<table>
  <tbody>
    <tr>
      <th>Beden</th>
      <th>Göğüs</th>
      <th>Bel</th>
      <th>Basen</th>
    </tr>
    <tr data-size=""36""><td>36</td><td>84</td><td>74</td><td>-</td></tr>
    <tr data-size=""38""><td>38</td><td>88</td><td>78</td><td>-</td></tr>
    <tr data-size=""40""><td>40</td><td>92</td><td>82</td><td>-</td></tr>
    <tr data-size=""42""><td>42</td><td>96</td><td>86</td><td>-</td></tr>
  </tbody>
</table>","Midi Abiye","Şifon & Tül Abiye"
"cfa3da39-3f67-4e19-88b7-64c64d8328fb","Kruvaze Yakalı Bel İşlemeli Seyyar Askılı Krep Şifon Uzun Elbise","<table>
  <tbody>
    <tr>
      <th>Beden</th>
      <th>Göğüs</th>
      <th>Bel</th>
      <th>Basen</th>
    </tr>
    <tr data-size=""38""><td>38</td><td>82</td><td>66</td><td>-</td></tr>
    <tr data-size=""40""><td>40</td><td>86</td><td>68</td><td>-</td></tr>
    <tr data-size=""42""><td>42</td><td>90</td><td>70</td><td>-</td></tr>
  </tbody>
</table>",,
"cfaeab1f-4d61-4d10-8a6d-f041af772e29","Simli Korsajlı Tül Yırtmaçlı Uzun Elbise","<table>
  <tbody>
    <tr>
      <th>Beden</th>
      <th>Göğüs</th>
      <th>Bel</th>
      <th>Basen</th>
    </tr>
    <tr data-size=""38""><td>38</td><td>74</td><td>70</td><td>-</td></tr>
    <tr data-size=""40""><td>40</td><td>78</td><td>72</td><td>-</td></tr>
    <tr data-size=""42""><td>42</td><td>82</td><td>74</td><td>-</td></tr>
  </tbody>
</table>","Uzun Abiye;Straplez Abiye;Yırtmaçlı Abiye","Şifon & Tül Abiye;Krep Abiye"
"d093865e-1517-47e2-b69e-a37b00c0d4a0","Parlak Bürümcük Kumaşlı Straplez Uzun Elbise","<table>
  <tbody>
    <tr>
      <th>Beden</th>
      <th>Göğüs</th>
      <th>Bel</th>
      <th>Basen</th>
    </tr>
    <tr data-size=""38""><td>38</td><td>76</td><td>70</td><td>-</td></tr>
    <tr data-size=""40""><td>40</td><td>82</td><td>72</td><td>-</td></tr>
    <tr data-size=""42""><td>42</td><td>88</td><td>74</td><td>-</td></tr>
  </tbody>
</table>",,
"d1de79ca-343f-4870-a672-0563e1caf49e","İşleme Detaylı Straplez Mini Elbise","<table>
  <tbody>
    <tr>
      <th>Beden</th>
      <th>Göğüs</th>
      <th>Bel</th>
      <th>Basen</th>
    </tr>
    <tr data-size=""38""><td>38</td><td>80</td><td>72</td><td>82</td></tr>
    <tr data-size=""40""><td>40</td><td>86</td><td>78</td><td>88</td></tr>
    <tr data-size=""42""><td>42</td><td>92</td><td>84</td><td>94</td></tr>
  </tbody>
</table>","Mini Abiye;Straplez Abiye","Krep Abiye"
"d5ffaf17-3994-4372-ad13-0a57cc632c47","Tül Üzerine İşlemeli 3 Boyutlu Çiçek Detaylı Straplez Uzun Elbise","<table>
  <tbody>
    <tr>
      <th>Beden</th>
      <th>Göğüs</th>
      <th>Bel</th>
      <th>Basen</th>
    </tr>
    <tr data-size=""38""><td>38</td><td>90</td><td>74</td><td>94</td></tr>
    <tr data-size=""40""><td>40</td><td>92</td><td>78</td><td>100</td></tr>
    <tr data-size=""42""><td>42</td><td>94</td><td>82</td><td>106</td></tr>
  </tbody>
</table>","Uzun Abiye;Straplez Abiye;Yırtmaçlı Abiye","Şifon & Tül Abiye"
"db2397db-d7ea-44d9-9f92-881b193e0c31","Çapraz Drapeli Taş Detaylı Simli Şifon Kumaş Büyük Beden  Elbise","<table>
  <tbody>
    <tr>
      <th>Beden</th>
      <th>Göğüs</th>
      <th>Bel</th>
      <th>Basen</th>
    </tr>
    <tr data-size=""44""><td>44</td><td>90</td><td>80</td><td>-</td></tr>
    <tr data-size=""46""><td>46</td><td>94</td><td>86</td><td>-</td></tr>
    <tr data-size=""48""><td>48</td><td>98</td><td>92</td><td>-</td></tr>
  </tbody>
</table>","Uzun Abiye;Yırtmaçlı Abiye","Şifon & Tül Abiye"
"dd583e6b-48e6-449d-9a5c-f99ad365778a","Çapraz Askı Detaylı Simli Kısa Elbise","<table>
  <tbody>
    <tr>
      <th>Beden</th>
      <th>Göğüs</th>
      <th>Bel</th>
      <th>Basen</th>
    </tr>
    <tr data-size=""36""><td>36</td><td>76</td><td>62</td><td>-</td></tr>
    <tr data-size=""38""><td>38</td><td>78</td><td>66</td><td>-</td></tr>
    <tr data-size=""40""><td>40</td><td>80</td><td>70</td><td>-</td></tr>
  </tbody>
</table>","Mini Abiye;Askılı Abiye","Simli Abiye;Şifon & Tül Abiye"
"e1cd8321-cff1-4f2b-8681-57b0c62874d1","Bel ve Sırt Dekolteli Degaje Yaka Drapeli Geniş Dökümlü Uzun Elbise","<table>
  <tbody>
    <tr>
      <th>Beden</th>
      <th>Göğüs</th>
      <th>Bel</th>
      <th>Basen</th>
    </tr>
    <tr data-size=""36""><td>36</td><td>74</td><td>64</td><td>80</td></tr>
    <tr data-size=""38""><td>38</td><td>78</td><td>66</td><td>84</td></tr>
    <tr data-size=""40""><td>40</td><td>82</td><td>68</td><td>88</td></tr>
  </tbody>
</table>",,
"e1e9571f-4b65-4301-a83a-eb819d74f60f","Drapeli Reglan Kollu Hakim Yaka Uzun Kollu Uzun Elbise","<table>
  <tbody>
    <tr>
      <th>Beden</th>
      <th>Göğüs</th>
      <th>Bel</th>
      <th>Basen</th>
    </tr>
    <tr data-size=""38""><td>38</td><td>80</td><td>76</td><td>-</td></tr>
    <tr data-size=""40""><td>40</td><td>84</td><td>78</td><td>-</td></tr>
    <tr data-size=""42""><td>42</td><td>88</td><td>80</td><td>-</td></tr>
    <tr data-size=""44""><td>44</td><td>92</td><td>82</td><td>-</td></tr>
  </tbody>
</table>",,
"e2c1a329-b47c-409b-b0ac-c6b352daedcf","Yuvarlak Yaka Payet İşlemeli Altın Zincir Detaylı U Yırtmaçlı Krep Kumaş Uzun Elbise","<table>
  <tbody>
    <tr>
      <th>Beden</th>
      <th>Göğüs</th>
      <th>Bel</th>
      <th>Basen</th>
    </tr>
    <tr data-size=""36""><td>36</td><td>90</td><td>68</td><td>80</td></tr>
    <tr data-size=""38""><td>38</td><td>92</td><td>72</td><td>84</td></tr>
    <tr data-size=""40""><td>40</td><td>94</td><td>76</td><td>88</td></tr>
    <tr data-size=""42""><td>42</td><td>96</td><td>80</td><td>92</td></tr>
  </tbody>
</table>","Uzun Abiye;Yırtmaçlı Abiye","Payetli Abiye;Krep Abiye"
"e4896c8c-4554-4b2f-8170-6c0412675d8b","Saten Kumaş Straplez Mini Elbise","<table>
  <tbody>
    <tr>
      <th>Beden</th>
      <th>Göğüs</th>
      <th>Bel</th>
      <th>Basen</th>
    </tr>
    <tr data-size=""38""><td>38</td><td>86</td><td>72</td><td>94</td></tr>
    <tr data-size=""40""><td>40</td><td>90</td><td>76</td><td>100</td></tr>
    <tr data-size=""42""><td>42</td><td>94</td><td>80</td><td>106</td></tr>
  </tbody>
</table>","Mini Abiye;Straplez Abiye","Saten Abiye"
"e513d839-a596-4580-af51-cffa94751bf1","Omzu Çiçek Detaylı Hakim Yaka Uzun Elbise","<table>
  <tbody>
    <tr>
      <th>Beden</th>
      <th>Göğüs</th>
      <th>Bel</th>
      <th>Basen</th>
    </tr>
    <tr data-size=""36""><td>36</td><td>82</td><td>72</td><td>-</td></tr>
    <tr data-size=""38""><td>38</td><td>86</td><td>76</td><td>-</td></tr>
    <tr data-size=""40""><td>40</td><td>90</td><td>80</td><td>-</td></tr>
    <tr data-size=""42""><td>42</td><td>94</td><td>84</td><td>-</td></tr>
  </tbody>
</table>",,
"e5a3baa7-77ac-44a6-9f58-6ebc8fd2d69b","Göğüs Drapeli Kalp Yaka Saten Kumaş Kalın Askılı Uzun Elbise","<table>
  <tbody>
    <tr>
      <th>Beden</th>
      <th>Göğüs</th>
      <th>Bel</th>
      <th>Basen</th>
    </tr>
    <tr data-size=""38""><td>38</td><td>84</td><td>72</td><td>-</td></tr>
    <tr data-size=""40""><td>40</td><td>88</td><td>76</td><td>-</td></tr>
    <tr data-size=""42""><td>42</td><td>92</td><td>80</td><td>-</td></tr>
  </tbody>
</table>",,
"e5f4d99c-e500-43f8-bed2-3270e7ab86df","Taş İşlemeli Korse Detaylı Yırtmaçlı Uzun Elbise","<table>
  <tbody>
    <tr>
      <th>Beden</th>
      <th>Göğüs</th>
      <th>Bel</th>
      <th>Basen</th>
    </tr>
    <tr data-size=""38""><td>38</td><td>82</td><td>72</td><td>88</td></tr>
    <tr data-size=""40""><td>40</td><td>86</td><td>78</td><td>94</td></tr>
    <tr data-size=""42""><td>42</td><td>90</td><td>84</td><td>100</td></tr>
  </tbody>
</table>","Uzun Abiye;Straplez Abiye;Yırtmaçlı Abiye","Dantel Abiye"
"e66181e2-9f52-4afe-b434-9e82d06cec6d","Saten Erkek Yakalı Krep Kumaş Uzun Büyük Beden Elbise","<table>
  <tbody>
    <tr>
      <th>Beden</th>
      <th>Göğüs</th>
      <th>Bel</th>
      <th>Basen</th>
    </tr>
    <tr data-size=""38""><td>38</td><td>90</td><td>72</td><td>100</td></tr>
    <tr data-size=""40""><td>40</td><td>96</td><td>76</td><td>102</td></tr>
    <tr data-size=""42""><td>42</td><td>102</td><td>80</td><td>104</td></tr>
    <tr data-size=""44""><td>44</td><td>102</td><td>84</td><td>106</td></tr>
    <tr data-size=""46""><td>46</td><td>114</td><td>88</td><td>108</td></tr>
  </tbody>
</table>","Büyük Beden Abiye;Uzun Abiye;Yırtmaçlı Abiye","Saten Abiye;Krep Abiye"
"e685971d-4fee-4c92-8e8c-b9913ba2d290","Korseli Çiçek Detaylı Balık Kalıp Uzun Elbise","<table>
  <tbody>
    <tr>
      <th>Beden</th>
      <th>Göğüs</th>
      <th>Bel</th>
      <th>Basen</th>
    </tr>
    <tr data-size=""38""><td>38</td><td>80</td><td>68</td><td>84</td></tr>
    <tr data-size=""40""><td>40</td><td>84</td><td>72</td><td>86</td></tr>
    <tr data-size=""42""><td>42</td><td>88</td><td>76</td><td>88</td></tr>
  </tbody>
</table>",,
"e9229282-2c43-4e8e-8a32-2c7f0813d312","Organze Detaylı Krep Kumaş Straplez Uzun Elbise","<table>
  <tbody>
    <tr>
      <th>Beden</th>
      <th>Göğüs</th>
      <th>Bel</th>
      <th>Basen</th>
    </tr>
    <tr data-size=""36""><td>36</td><td>76</td><td>68</td><td>-</td></tr>
    <tr data-size=""38""><td>38</td><td>82</td><td>74</td><td>-</td></tr>
  </tbody>
</table>",,
"efd23631-2fba-4330-af0c-0143c4e2c2a0","Drapeli Volumlu Etekli Çapraz İp Askılı Saten Uzun Elbise","<table>
  <tbody>
    <tr>
      <th>Beden</th>
      <th>Göğüs</th>
      <th>Bel</th>
      <th>Basen</th>
    </tr>
    <tr data-size=""38""><td>38</td><td>72</td><td>66</td><td>-</td></tr>
    <tr data-size=""40""><td>40</td><td>74</td><td>68</td><td>-</td></tr>
    <tr data-size=""42""><td>42</td><td>76</td><td>70</td><td>-</td></tr>
  </tbody>
</table>",,
"f1cddcf2-33ce-4524-a693-62215ffb8c75","Göğüs Taş İşlemeli Kalp Yaka Krep Kumaş Uzun Elbise","<table>
  <tbody>
    <tr>
      <th>Beden</th>
      <th>Göğüs</th>
      <th>Bel</th>
      <th>Basen</th>
    </tr>
    <tr data-size=""36""><td>36</td><td>80</td><td>66</td><td>90</td></tr>
    <tr data-size=""38""><td>38</td><td>84</td><td>72</td><td>96</td></tr>
    <tr data-size=""40""><td>40</td><td>88</td><td>78</td><td>102</td></tr>
    <tr data-size=""42""><td>42</td><td>92</td><td>84</td><td>108</td></tr>
    <tr data-size=""44""><td>44</td><td>96</td><td>90</td><td>114</td></tr>
  </tbody>
</table>",,
"f3dde511-34e2-4c28-ba27-6303f37221ca","Tek Omuzlu Şal Detaylı İşlemeli Uzun Elbise","<table>
  <tbody>
    <tr>
      <th>Beden</th>
      <th>Göğüs</th>
      <th>Bel</th>
      <th>Basen</th>
    </tr>
    <tr data-size=""38""><td>38</td><td>80</td><td>70</td><td>88</td></tr>
    <tr data-size=""40""><td>40</td><td>82</td><td>74</td><td>92</td></tr>
    <tr data-size=""42""><td>42</td><td>84</td><td>78</td><td>96</td></tr>
  </tbody>
</table>","Uzun Abiye;Tek Omuz Askılı Abiye;Yırtmaçlı Abiye","Krep Abiye"
"f740d704-03c9-4a97-ac33-9cbec0c52dea","Gepiyerli Yırtmaçlı Arkadan Çapraz Bağlamalı Uzun Elbise","<table>
  <tbody>
    <tr>
      <th>Beden</th>
      <th>Göğüs</th>
      <th>Bel</th>
      <th>Basen</th>
    </tr>
    <tr data-size=""36""><td>36</td><td>74</td><td>64</td><td>-</td></tr>
    <tr data-size=""38""><td>38</td><td>76</td><td>66</td><td>-</td></tr>
  </tbody>
</table>",,
"f7ac2ff7-4330-4db6-b595-d0b6367ffab3","Yuvarlak Yaka Drapeli Sırt Dekolteli Simli Uzun Elbise","<table>
  <tbody>
    <tr>
      <th>Beden</th>
      <th>Göğüs</th>
      <th>Bel</th>
      <th>Basen</th>
    </tr>
    <tr data-size=""36""><td>36</td><td>72</td><td>60</td><td>78</td></tr>
    <tr data-size=""38""><td>38</td><td>76</td><td>64</td><td>84</td></tr>
  </tbody>
</table>","Uzun Abiye;Askılı Abiye;Yırtmaçlı Abiye","Simli Abiye;Likralı Abiye"
"f8b1cd71-b3e8-47d9-aa0f-64cdd74349a0","Diagonal İşlemeli Boncuk İşleme Detaylı Midi Elbise","<table>
  <tbody>
    <tr>
      <th>Beden</th>
      <th>Göğüs</th>
      <th>Bel</th>
      <th>Basen</th>
    </tr>
    <tr data-size=""38""><td>38</td><td>90</td><td>72</td><td>98</td></tr>
    <tr data-size=""40""><td>40</td><td>94</td><td>74</td><td>100</td></tr>
    <tr data-size=""42""><td>42</td><td>98</td><td>75</td><td>102</td></tr>
  </tbody>
</table>",,
"fa49480e-f7f5-4ba2-9ab2-63fc74f841fc","Balon Kol ve Etek Detaylı Straplez Mini Elbise","<table>
  <tbody>
    <tr>
      <th>Beden</th>
      <th>Göğüs</th>
      <th>Bel</th>
      <th>Basen</th>
    </tr>
    <tr data-size=""36""><td>36</td><td>76</td><td>66</td><td>-</td></tr>
    <tr data-size=""38""><td>38</td><td>78</td><td>70</td><td>-</td></tr>
    <tr data-size=""40""><td>40</td><td>80</td><td>74</td><td>-</td></tr>
    <tr data-size=""42""><td>42</td><td>82</td><td>78</td><td>-</td></tr>
  </tbody>
</table>",,
"fbeedd90-069d-421b-9bd8-3787840535fa","3 Boyutlu Çiçek Detaylı Straplez Balık Uzun Elbise","<table>
  <tbody>
    <tr>
      <th>Beden</th>
      <th>Göğüs</th>
      <th>Bel</th>
      <th>Basen</th>
    </tr>
    <tr data-size=""36""><td>36</td><td>78</td><td>70</td><td>86</td></tr>
    <tr data-size=""38""><td>38</td><td>84</td><td>74</td><td>88</td></tr>
    <tr data-size=""40""><td>40</td><td>90</td><td>78</td><td>90</td></tr>
    <tr data-size=""42""><td>42</td><td>96</td><td>82</td><td>92</td></tr>
    <tr data-size=""44""><td>44</td><td>100</td><td>86</td><td>94</td></tr>
  </tbody>
</table>",,
"fcc60ecd-f046-48c0-ab84-3ddbec395952","Boncuk İşlemeli Kruvaze Midi  Kruvaze Krep Kumaş Büyük Beden Elbise","<table>
  <tbody>
    <tr>
      <th>Beden</th>
      <th>Göğüs</th>
      <th>Bel</th>
      <th>Basen</th>
    </tr>
    <tr data-size=""38""><td>38</td><td>90</td><td>72</td><td>98</td></tr>
    <tr data-size=""40""><td>40</td><td>94</td><td>74</td><td>100</td></tr>
    <tr data-size=""42""><td>42</td><td>98</td><td>76</td><td>102</td></tr>
  </tbody>
</table>",,
"fe7a8807-d1f3-4f3c-bc91-b8da3d5928ed","Çapraz Drapeli İp Askılı Arkası Büstiyer Görünümlü Uzun Elbise","<table>
  <tbody>
    <tr>
      <th>Beden</th>
      <th>Göğüs</th>
      <th>Bel</th>
      <th>Basen</th>
    </tr>
    <tr data-size=""36""><td>36</td><td>80</td><td>60</td><td>-</td></tr>
    <tr data-size=""38""><td>38</td><td>82</td><td>64</td><td>-</td></tr>
    <tr data-size=""40""><td>40</td><td>84</td><td>68</td><td>-</td></tr>
  </tbody>
</table>","Uzun Abiye;Askılı Abiye;Yırtmaçlı Abiye","Şifon & Tül Abiye"
